Korean,English,Etymology,Part of Speech,Example Sentence,Sentence Translation,Part Of Speech
자리를 차지하다,to take/occupy a place or position,자리 (place/seat) + 를 (object particle) + 차지하다 (to occupy/take possession of),Phrase,그 자리를 16가지 알파벳 조합인 MBTI가 완벽하게 차지했죠.,"MBTI, a combination of 16 alphabets, perfectly took that place.",
살아가다,"to live on, to continue living",살다 (to live) + -아/어 가다 (auxiliary verb indicating continuation or progression),Phrase,"이제 MBTI는 단순한 인터넷 심리 테스트를 넘어, 한국 사회를 살아가는 데 필요한 필수적인 '디지털 명함'이자 사회적 바코드가 되었습니다.","Now, MBTI has gone beyond a simple online psychological test and has become an essential 'digital business card' and social barcode needed to live in Korean society.",
눈에 띄다,"to catch one's eye, to be noticeable/conspicuous","눈 (eye) + 에 (locative particle) + 띄다 (to be seen, to stand out)",Phrase,가장 눈에 띄는 변화는 2030 세대의 연애와 인간관계에서 나타납니다.,The most noticeable change appears in the dating and human relationships of the 2030 generation.,
자리에 앉다,to sit down (in a seat),자리 (place/seat) + 에 (locative particle) + 앉다 (to sit),Phrase,"요즘은 자리에 앉자마자 ""MBTI가 어떻게 되세요?""라고 묻는 것이 국룰(보편적인 규칙)이 되었습니다.","Nowadays, it has become the 'national rule' (universal rule) to ask ""What's your MBTI?"" as soon as you sit down.",
적어두다,to write down and keep/leave it for later,적다 (to write) + -아/어 두다 (auxiliary verb indicating an action done for future use or to leave something in a state),Phrase,데이팅 앱 프로필에는 자신의 MBTI를 적어두는 것이 기본 중의 기본입니다.,It is the absolute basic to write down one's MBTI on dating app profiles.,
기본 중의 기본,"the basic of basics, absolutely basic",기본 (basic/fundamental) + 중 (among/of) + 의 (possessive particle) + 기본 (basic/fundamental),Phrase,데이팅 앱 프로필에는 자신의 MBTI를 적어두는 것이 기본 중의 기본입니다.,It is the absolute basic to write down one's MBTI on dating app profiles.,
차단해 버리다,to completely block out/off,"차단하다 (to block/cut off) + -아/어 버리다 (auxiliary verb indicating completion of an action, sometimes with a nuance of regret or thoroughness)",Phrase,"감정적인 'F' 성향의 사람만 연락 주세요""라며 처음부터 자신과 맞지 않을 것 같은 유형을 차단해 버리는 사람들도 많습니다.","There are also many people who block out types that they think won't suit them from the start, saying things like, ""Please only contact me if you're an emotional 'F' type.""",
겪어보다,"to experience and see/try, to go through (something)",겪다 (to experience/undergo) + -아/어 보다 (auxiliary verb indicating trying an action or experiencing something),Phrase,"사람을 깊게 겪어보고 판단하기보다는, 4개의 알파벳을 통해 상대방과의 궁합을 미리 계산하는 것이죠.","Rather than deeply experiencing and judging a person, they calculate compatibility with the other person in advance through four alphabets.",
트렌드에 민감하다,to be sensitive to trends,트렌드 (trend) + 에 (locative/dative particle) + 민감하다 (to be sensitive),Phrase,트렌드에 가장 민감한 마케팅 시장도 이 열풍을 놓치지 않았습니다.,"The marketing market, most sensitive to trends, also did not miss this craze.",
열풍을 놓치다,to miss a craze/fever,열풍 (hot wind/craze/fever) + 을 (object particle) + 놓치다 (to miss/lose),Phrase,트렌드에 가장 민감한 마케팅 시장도 이 열풍을 놓치지 않았습니다.,"The marketing market, most sensitive to trends, also did not miss this craze.",
찾아보다,"to look for and see/try, to search for",찾다 (to find/look for) + -아/어 보다 (auxiliary verb indicating trying an action or experiencing something),Phrase,요즘 서울의 핫플레이스인 홍대 거리나 성수동에 가보면 MBTI를 활용한 가게들을 쉽게 찾아볼 수 있습니다.,"If you go to Hongdae Street or Seongsu-dong, hot spots in Seoul these days, you can easily find stores utilizing MBTI.",
마련되어 있다,to be prepared/arranged/provided,마련하다 (to prepare/arrange) + -되다 (passive suffix) + -어 있다 (auxiliary verb indicating a state of being),Phrase,"예를 들어, 홍대의 한 캡슐 운세 뽑기 가게에는 16개의 MBTI 유형별로 기계가 따로 마련되어 있습니다.","For example, at a capsule fortune-telling machine shop in Hongdae, machines are separately prepared for each of the 16 MBTI types.",
불티나게 팔리다,"to sell like hotcakes, to sell incredibly fast",불티 (spark) + 나다 (to come out/occur) + 게 (adverbial suffix) + 팔리다 (to be sold) - literally 'to be sold in a way that sparks fly',Phrase,"편의점에서는 네 캔을 사면 알파벳을 조합할 수 있는 'MBTI 맥주'가 불티나게 팔렸고, 은행들은 고객의 성향에 맞춰 소비 패턴을 분석해 주는 'MBTI 맞춤형 적금'까지 출시했습니다.","At convenience stores, 'MBTI beer' (where you can combine alphabets when buying four cans) sold like hotcakes, and banks even launched 'MBTI customized savings products' that analyze customer spending patterns according to their tendencies.",
지갑을 열다,"to open one's wallet, to spend money",지갑 (wallet) + 을 (object particle) + 열다 (to open),Phrase,바야흐로 소비자의 지갑을 열게 만드는 가장 강력한 키워드가 된 것입니다.,It has truly become the most powerful keyword to make consumers open their wallets.,
논란이 되다,to become a controversy/issue,논란 (controversy/dispute) + 이 (subject particle) + 되다 (to become),,가장 논란이 되고 있는 곳은 바로 취업 시장입니다.,The place where it is becoming most controversial is the job market.,Phrase
적어 내다,to write down and submit,"적다 (to write) + -아/어 내다 (auxiliary verb indicating completion of an action, often with effort, or submission)",,"최근 몇 년 사이, 아르바이트생을 구하거나 신입사원을 채용할 때 이력서에 MBTI를 필수로 적어 내라는 기업들이 생겨났습니다.","In recent years, companies have emerged that require MBTI to be written as mandatory on resumes when hiring part-time workers or new employees.",Phrase
공고를 올리다,to post an announcement/notice,공고 (announcement/notice) + 를 (object particle) + 올리다 (to raise/post),,"특정 카페에서는 ""활발한 E(외향형) 유형만 지원 가능""이라는 공고를 올려 차별 논란이 일기도 했고, 어떤 대기업 면접에서는 ""본인의 MBTI 장단점을 우리 회사의 직무와 연결해서 설명해 보세요""라는 질문이 등장했습니다.","A certain cafe even posted an announcement stating, ""Only active E (extrovert) types can apply,"" sparking controversy over discrimination, and in some large company interviews, questions like, ""Explain the pros and cons of your MBTI in relation to our company's job duties,"" appeared.",Phrase
바꿔놓다,to change (and leave it in that state),바꾸다 (to change) + -아/어 놓다 (auxiliary verb indicating completion of an action and maintaining the resulting state),,일상 대화 속에서도 MBTI는 언어 습관을 완전히 바꿔놓았습니다.,"Even in daily conversations, MBTI has completely changed language habits.",Phrase
계획표를 짜오다,to make/draw up a plan/schedule and bring it,"계획표 (plan/schedule) + 를 (object particle) + 짜다 (to weave/make/form) + 오다 (to come, indicating an action done and brought back or done towards the speaker)",,"반대로 친구들과 여행을 갈 때 분 단위로 엑셀 계획표를 짜오는 친구에게는 ""너 완전 파워 J(계획형)구나!""라며 감탄하기도 합니다.","Conversely, when going on a trip with friends, I sometimes exclaim to a friend who comes with an Excel plan made down to the minute, ""You're totally a power J (planner type)!""",Phrase
안정감을 얻다,to gain a sense of stability/security,안정감 (sense of stability/security) + 을 (object particle) + 얻다 (to get/gain),,"또한, 소속감을 중요하게 생각하는 한국 문화의 특성상 ""나와 같은 유형의 사람들이 이렇게 많구나""라는 사실에서 심리적 안정감을 얻기도 합니다.","Furthermore, due to the characteristic of Korean culture that values a sense of belonging, people sometimes gain psychological stability from the fact that ""there are so many people of the same type as me.""",Phrase
혹시,by any chance,"惑 (혹: confuse, doubt) + 是 (시: be, right)",Adverb,"""혹시 MBTI가 어떻게 되세요?"" -","""By any chance, what is your MBTI?""",
되다,to be,Pure Korean,Verb,"""혹시 MBTI가 어떻게 되세요?"" -","""By any chance, what is your MBTI?""",
대한민국,Republic of Korea,大 (대: great) + 韓 (한: Korea) + 民 (민: people) + 國 (국: nation),Noun,대한민국을 지배하는 16가지 마법의 알파벳,16 magical alphabets that rule the Republic of Korea,
지배,"rule, dominance","支 (지: control, support) + 配 (배: distribute, allocate)",Noun,대한민국을 지배하는 16가지 마법의 알파벳,16 magical alphabets that rule the Republic of Korea,
가지,"kinds, types",Pure Korean,Noun,대한민국을 지배하는 16가지 마법의 알파벳,16 magical alphabets that rule the Republic of Korea,
마법,magic,"魔 (마: devil, magic) + 法 (법: law, method)",Noun,대한민국을 지배하는 16가지 마법의 알파벳,16 magical alphabets that rule the Republic of Korea,
알파벳,alphabet,Pure Korean,Noun,대한민국을 지배하는 16가지 마법의 알파벳,16 magical alphabets that rule the Republic of Korea,
요즘,"nowadays, these days",Pure Korean,Noun,"요즘 한국에서 처음 만난 사람에게 나이나 직업, 고향보다 먼저 묻는 질문이 있습니다.","Nowadays, in Korea, there is a question people ask someone they meet for the first time, even before age, occupation, or hometown.",
한국,Korea,韓 (한: Korea) + 國 (국: nation),Noun,"요즘 한국에서 처음 만난 사람에게 나이나 직업, 고향보다 먼저 묻는 질문이 있습니다.","Nowadays, in Korea, there is a question people ask someone they meet for the first time, even before age, occupation, or hometown.",
처음,first time,Pure Korean,Noun,"요즘 한국에서 처음 만난 사람에게 나이나 직업, 고향보다 먼저 묻는 질문이 있습니다.","Nowadays, in Korea, there is a question people ask someone they meet for the first time, even before age, occupation, or hometown.",
만나다,to meet,Pure Korean,Verb,"요즘 한국에서 처음 만난 사람에게 나이나 직업, 고향보다 먼저 묻는 질문이 있습니다.","Nowadays, in Korea, there is a question people ask someone they meet for the first time, even before age, occupation, or hometown.",
사람,person,Pure Korean,Noun,"요즘 한국에서 처음 만난 사람에게 나이나 직업, 고향보다 먼저 묻는 질문이 있습니다.","Nowadays, in Korea, there is a question people ask someone they meet for the first time, even before age, occupation, or hometown.",
나이,age,Pure Korean,Noun,"요즘 한국에서 처음 만난 사람에게 나이나 직업, 고향보다 먼저 묻는 질문이 있습니다.","Nowadays, in Korea, there is a question people ask someone they meet for the first time, even before age, occupation, or hometown.",
직업,"occupation, job","職 (직: office, occupation) + 業 (업: business, profession)",Noun,"요즘 한국에서 처음 만난 사람에게 나이나 직업, 고향보다 먼저 묻는 질문이 있습니다.","Nowadays, in Korea, there is a question people ask someone they meet for the first time, even before age, occupation, or hometown.",
고향,hometown,"故 (고: old, hometown) + 鄕 (향: hometown, country)",Noun,"요즘 한국에서 처음 만난 사람에게 나이나 직업, 고향보다 먼저 묻는 질문이 있습니다.","Nowadays, in Korea, there is a question people ask someone they meet for the first time, even before age, occupation, or hometown.",
먼저,"first, before",Pure Korean,Adverb,"요즘 한국에서 처음 만난 사람에게 나이나 직업, 고향보다 먼저 묻는 질문이 있습니다.","Nowadays, in Korea, there is a question people ask someone they meet for the first time, even before age, occupation, or hometown.",
질문,question,"質 (질: quality, question) + 問 (문: ask, inquire)",Noun,"요즘 한국에서 처음 만난 사람에게 나이나 직업, 고향보다 먼저 묻는 질문이 있습니다.","Nowadays, in Korea, there is a question people ask someone they meet for the first time, even before age, occupation, or hometown.",
있다,"to exist, to have",Pure Korean,Verb,"요즘 한국에서 처음 만난 사람에게 나이나 직업, 고향보다 먼저 묻는 질문이 있습니다.","Nowadays, in Korea, there is a question people ask someone they meet for the first time, even before age, occupation, or hometown.",
바로,"precisely, right",Pure Korean,Adverb,"바로 ""MBTI가 뭐예요?""라는 질문입니다.","It is precisely the question, ""What is your MBTI?""",
불과,"merely, only","不 (불: not) + 過 (과: pass, exceed)",Adverb,"불과 십여 년 전만 해도 사람의 성격을 4개의 혈액형(A, B, O, AB)으로 나누며 성격을 유추하던 시절이 있었지만, 이제 그 시대는 완전히 끝났습니다.","Merely a decade ago, there was a time when people would infer personalities by dividing them into 4 blood types (A, B, O, AB), but now that era has completely ended.",
년,year,年 (년: year),Noun,"불과 십여 년 전만 해도 사람의 성격을 4개의 혈액형(A, B, O, AB)으로 나누며 성격을 유추하던 시절이 있었지만, 이제 그 시대는 완전히 끝났습니다.","Merely a decade ago, there was a time when people would infer personalities by dividing them into 4 blood types (A, B, O, AB), but now that era has completely ended.",
전,"before, ago","前 (전: front, before)",Noun,"불과 십여 년 전만 해도 사람의 성격을 4개의 혈액형(A, B, O, AB)으로 나누며 성격을 유추하던 시절이 있었지만, 이제 그 시대는 완전히 끝났습니다.","Merely a decade ago, there was a time when people would infer personalities by dividing them into 4 blood types (A, B, O, AB), but now that era has completely ended.",
하다,to do,Pure Korean,Verb,"불과 십여 년 전만 해도 사람의 성격을 4개의 혈액형(A, B, O, AB)으로 나누며 성격을 유추하던 시절이 있었지만, 이제 그 시대는 완전히 끝났습니다.","Merely a decade ago, there was a time when people would infer personalities by dividing them into 4 blood types (A, B, O, AB), but now that era has completely ended.",
성격,"personality, character","性 (성: nature, character) + 格 (격: standard, character)",Noun,"불과 십여 년 전만 해도 사람의 성격을 4개의 혈액형(A, B, O, AB)으로 나누며 성격을 유추하던 시절이 있었지만, 이제 그 시대는 완전히 끝났습니다.","Merely a decade ago, there was a time when people would infer personalities by dividing them into 4 blood types (A, B, O, AB), but now that era has completely ended.",
개,"count, piece",Pure Korean,Noun,"불과 십여 년 전만 해도 사람의 성격을 4개의 혈액형(A, B, O, AB)으로 나누며 성격을 유추하던 시절이 있었지만, 이제 그 시대는 완전히 끝났습니다.","Merely a decade ago, there was a time when people would infer personalities by dividing them into 4 blood types (A, B, O, AB), but now that era has completely ended.",
혈액형,blood type,"血 (혈: blood) + 液 (액: liquid) + 型 (형: type, model)",Noun,"불과 십여 년 전만 해도 사람의 성격을 4개의 혈액형(A, B, O, AB)으로 나누며 성격을 유추하던 시절이 있었지만, 이제 그 시대는 완전히 끝났습니다.","Merely a decade ago, there was a time when people would infer personalities by dividing them into 4 blood types (A, B, O, AB), but now that era has completely ended.",
나누다,"to divide, to share",Pure Korean,Verb,"불과 십여 년 전만 해도 사람의 성격을 4개의 혈액형(A, B, O, AB)으로 나누며 성격을 유추하던 시절이 있었지만, 이제 그 시대는 완전히 끝났습니다.","Merely a decade ago, there was a time when people would infer personalities by dividing them into 4 blood types (A, B, O, AB), but now that era has completely ended.",
유추,"inference, analogy","類 (유: kind, type) + 推 (추: push, infer)",Noun,"불과 십여 년 전만 해도 사람의 성격을 4개의 혈액형(A, B, O, AB)으로 나누며 성격을 유추하던 시절이 있었지만, 이제 그 시대는 완전히 끝났습니다.","Merely a decade ago, there was a time when people would infer personalities by dividing them into 4 blood types (A, B, O, AB), but now that era has completely ended.",
시절,"time, period","時 (시: time) + 節 (절: season, section)",Noun,"불과 십여 년 전만 해도 사람의 성격을 4개의 혈액형(A, B, O, AB)으로 나누며 성격을 유추하던 시절이 있었지만, 이제 그 시대는 완전히 끝났습니다.","Merely a decade ago, there was a time when people would infer personalities by dividing them into 4 blood types (A, B, O, AB), but now that era has completely ended.",
이제,now,Pure Korean,Adverb,"불과 십여 년 전만 해도 사람의 성격을 4개의 혈액형(A, B, O, AB)으로 나누며 성격을 유추하던 시절이 있었지만, 이제 그 시대는 완전히 끝났습니다.","Merely a decade ago, there was a time when people would infer personalities by dividing them into 4 blood types (A, B, O, AB), but now that era has completely ended.",
시대,"era, age","時代 -> 時 (시: time, hour) + 代 (대: generation, era)",Noun,"불과 십여 년 전만 해도 사람의 성격을 4개의 혈액형(A, B, O, AB)으로 나누며 성격을 유추하던 시절이 있었지만, 이제 그 시대는 완전히 끝났습니다.","Just ten-odd years ago, there was a time when people inferred personalities by dividing them into four blood types (A, B, O, AB), but now that era has completely ended.",
완전히,"completely, entirely","完全히 -> 完 (완: complete, finish) + 全 (전: whole, entire) + -히 (adverbial suffix)",Adverb,"불과 십여 년 전만 해도 사람의 성격을 4개의 혈액형(A, B, O, AB)으로 나누며 성격을 유추하던 시절이 있었지만, 이제 그 시대는 완전히 끝났습니다.","Just ten-odd years ago, there was a time when people inferred personalities by dividing them into four blood types (A, B, O, AB), but now that era has completely ended.",
끝나다,"to end, to be over",Pure Korean,Verb,"불과 십여 년 전만 해도 사람의 성격을 4개의 혈액형(A, B, O, AB)으로 나누며 성격을 유추하던 시절이 있었지만, 이제 그 시대는 완전히 끝났습니다.","Just ten-odd years ago, there was a time when people inferred personalities by dividing them into four blood types (A, B, O, AB), but now that era has completely ended.",
자리,"place, position",Pure Korean,Noun,그 자리를 16가지 알파벳 조합인 MBTI가 완벽하게 차지했죠.,"The MBTI, a combination of 16 alphabet types, has perfectly taken that place.",
조합,combination,"組合 -> 組 (조: group, form) + 合 (합: join, combine)",Noun,그 자리를 16가지 알파벳 조합인 MBTI가 완벽하게 차지했죠.,"The MBTI, a combination of 16 alphabet types, has perfectly taken that place.",
완벽,"perfection, flawless","完璧 -> 完 (완: complete, finish) + 璧 (벽: jade disk)",Noun,그 자리를 16가지 알파벳 조합인 MBTI가 완벽하게 차지했죠.,"The MBTI, a combination of 16 alphabet types, has perfectly taken that place.",
차지,"taking up, occupying",Pure Korean,Noun,그 자리를 16가지 알파벳 조합인 MBTI가 완벽하게 차지했죠.,"The MBTI, a combination of 16 alphabet types, has perfectly taken that place.",
단순,simplicity,"單純 -> 單 (단: single, simple) + 純 (순: pure, innocent)",Noun,"이제 MBTI는 단순한 인터넷 심리 테스트를 넘어, 한국 사회를 살아가는 데 필요한 필수적인 '디지털 명함'이자 사회적 바코드가 되었습니다.","Now, MBTI has moved beyond being a simple online psychological test to become an essential 'digital business card' and social barcode necessary for living in Korean society.",
인터넷,internet,Loanword,Noun,"이제 MBTI는 단순한 인터넷 심리 테스트를 넘어, 한국 사회를 살아가는 데 필요한 필수적인 '디지털 명함'이자 사회적 바코드가 되었습니다.","Now, MBTI has moved beyond being a simple online psychological test to become an essential 'digital business card' and social barcode necessary for living in Korean society.",
심리,"psychology, mentality","心理 -> 心 (심: heart, mind) + 理 (리: reason, principle)",Noun,"이제 MBTI는 단순한 인터넷 심리 테스트를 넘어, 한국 사회를 살아가는 데 필요한 필수적인 '디지털 명함'이자 사회적 바코드가 되었습니다.","Now, MBTI has moved beyond being a simple online psychological test to become an essential 'digital business card' and social barcode necessary for living in Korean society.",
테스트,test,Loanword,Noun,"이제 MBTI는 단순한 인터넷 심리 테스트를 넘어, 한국 사회를 살아가는 데 필요한 필수적인 '디지털 명함'이자 사회적 바코드가 되었습니다.","Now, MBTI has moved beyond being a simple online psychological test to become an essential 'digital business card' and social barcode necessary for living in Korean society.",
넘다,"to go beyond, to exceed",Pure Korean,Verb,"이제 MBTI는 단순한 인터넷 심리 테스트를 넘어, 한국 사회를 살아가는 데 필요한 필수적인 '디지털 명함'이자 사회적 바코드가 되었습니다.","Now, MBTI has moved beyond being a simple online psychological test to become an essential 'digital business card' and social barcode necessary for living in Korean society.",
사회,society,"社會 -> 社 (사: society, company) + 會 (회: gathering, meeting)",Noun,"이제 MBTI는 단순한 인터넷 심리 테스트를 넘어, 한국 사회를 살아가는 데 필요한 필수적인 '디지털 명함'이자 사회적 바코드가 되었습니다.","Now, MBTI has moved beyond being a simple online psychological test to become an essential 'digital business card' and social barcode necessary for living in Korean society.",
살아가다,"to live on, to get by",Pure Korean,Verb,"이제 MBTI는 단순한 인터넷 심리 테스트를 넘어, 한국 사회를 살아가는 데 필요한 필수적인 '디지털 명함'이자 사회적 바코드가 되었습니다.","Now, MBTI has moved beyond being a simple online psychological test to become an essential 'digital business card' and social barcode necessary for living in Korean society.",
데,"point, fact (dependent noun)",Pure Korean,Noun,"이제 MBTI는 단순한 인터넷 심리 테스트를 넘어, 한국 사회를 살아가는 데 필요한 필수적인 '디지털 명함'이자 사회적 바코드가 되었습니다.","Now, MBTI has moved beyond being a simple online psychological test to become an essential 'digital business card' and social barcode necessary for living in Korean society.",
필요,"need, necessity","必要 -> 必 (필: certainly, must) + 要 (요: need, want)",Noun,"이제 MBTI는 단순한 인터넷 심리 테스트를 넘어, 한국 사회를 살아가는 데 필요한 필수적인 '디지털 명함'이자 사회적 바코드가 되었습니다.","Now, MBTI has moved beyond being a simple online psychological test to become an essential 'digital business card' and social barcode necessary for living in Korean society.",
필수,"essential, mandatory","必須 -> 必 (필: certainly, must) + 需 (수: need, demand)",Noun,"이제 MBTI는 단순한 인터넷 심리 테스트를 넘어, 한국 사회를 살아가는 데 필요한 필수적인 '디지털 명함'이자 사회적 바코드가 되었습니다.","Now, MBTI has moved beyond being a simple online psychological test to become an essential 'digital business card' and social barcode necessary for living in Korean society.",
디지털,digital,Loanword,Noun,"이제 MBTI는 단순한 인터넷 심리 테스트를 넘어, 한국 사회를 살아가는 데 필요한 필수적인 '디지털 명함'이자 사회적 바코드가 되었습니다.","Now, MBTI has moved beyond being a simple online psychological test to become an essential 'digital business card' and social barcode necessary for living in Korean society.",
명함,"business card, name card","名銜 -> 名 (명: name, reputation) + 銜 (함: title, rank)",Noun,"이제 MBTI는 단순한 인터넷 심리 테스트를 넘어, 한국 사회를 살아가는 데 필요한 필수적인 '디지털 명함'이자 사회적 바코드가 되었습니다.","Now, MBTI has moved beyond being a simple online psychological test to become an essential 'digital business card' and social barcode necessary for living in Korean society.",
바코드,barcode,Loanword,Noun,"이제 MBTI는 단순한 인터넷 심리 테스트를 넘어, 한국 사회를 살아가는 데 필요한 필수적인 '디지털 명함'이자 사회적 바코드가 되었습니다.","Now, MBTI has moved beyond being a simple online psychological test to become an essential 'digital business card' and social barcode necessary for living in Korean society.",
가장,most,Pure Korean,Adverb,가장 눈에 띄는 변화는 2030 세대의 연애와 인간관계에서 나타납니다.,The most noticeable change appears in the dating and human relationships of the 2030 generation.,
눈,eye,Pure Korean,Noun,가장 눈에 띄는 변화는 2030 세대의 연애와 인간관계에서 나타납니다.,The most noticeable change appears in the dating and human relationships of the 2030 generation.,
띄다,"to be noticeable, to catch the eye",Pure Korean,Verb,가장 눈에 띄는 변화는 2030 세대의 연애와 인간관계에서 나타납니다.,The most noticeable change appears in the dating and human relationships of the 2030 generation.,
변화,change,"變化 -> 變 (변: change, alter) + 化 (화: change, transform)",Noun,가장 눈에 띄는 변화는 2030 세대의 연애와 인간관계에서 나타납니다.,The most noticeable change appears in the dating and human relationships of the 2030 generation.,
세대,generation,"世代 -> 世 (세: world, generation) + 代 (대: generation, era)",Noun,가장 눈에 띄는 변화는 2030 세대의 연애와 인간관계에서 나타납니다.,The most noticeable change appears in the dating and human relationships of the 2030 generation.,
연애,"dating, romantic relationship","戀愛 -> 戀 (연: love, yearn for) + 愛 (애: love)",Noun,가장 눈에 띄는 변화는 2030 세대의 연애와 인간관계에서 나타납니다.,The most noticeable change appears in the dating and human relationships of the 2030 generation.,
인간관계,"human relationships, interpersonal relationships","人間關係 -> 人 (인: person, human) + 間 (간: between, space) + 關 (관: relation, connect) + 係 (계: connect, system)",Noun,가장 눈에 띄는 변화는 2030 세대의 연애와 인간관계에서 나타납니다.,The most noticeable change appears in the dating and human relationships of the 2030 generation.,
나타나다,"to appear, to emerge",Pure Korean,Verb,가장 눈에 띄는 변화는 2030 세대의 연애와 인간관계에서 나타납니다.,The most noticeable change appears in the dating and human relationships of the 2030 generation.,
예전,"the past, old days",Pure Korean,Noun,"예전 소개팅 자리의 단골 질문이 ""취미가 어떻게 되세요?""나 ""어떤 음식 좋아하세요?""였다면, 요즘은 자리에 앉자마자 ""MBTI가 어떻게 되세요?""라고 묻는 것이 국룰(보편적인 규칙)이 되었습니다.","If the frequent questions at previous blind dates were ""What are your hobbies?"" or ""What kind of food do you like?"", nowadays, asking ""What's your MBTI?"" as soon as one sits down has become the ""kuk-rul"" (a common rule).",
소개팅,blind date,"紹介 (소개: introduction) + 'meeting' (from English) -> 紹 (소: introduce, continue) + 介 (개: intermediate, introduce) + 'meeting'",Noun,"예전 소개팅 자리의 단골 질문이 ""취미가 어떻게 되세요?""나 ""어떤 음식 좋아하세요?""였다면, 요즘은 자리에 앉자마자 ""MBTI가 어떻게 되세요?""라고 묻는 것이 국룰(보편적인 규칙)이 되었습니다.","If the frequent questions at previous blind dates were ""What are your hobbies?"" or ""What kind of food do you like?"", nowadays, asking ""What's your MBTI?"" as soon as one sits down has become the ""kuk-rul"" (a common rule).",
단골,frequently asked,Pure Korean,Noun,"예전 소개팅 자리의 단골 질문이 ""취미가 어떻게 되세요?""나 ""어떤 음식 좋아하세요?""였다면, 요즘은 자리에 앉자마자 ""MBTI가 어떻게 되세요?""라고 묻는 것이 국룰(보편적인 규칙)이 되었습니다.","If in the past the frequently asked questions at a blind date were ""What are your hobbies?"" or ""What kind of food do you like?"", nowadays, as soon as you sit down, asking ""What's your MBTI?"" has become the national norm (universal rule).",
취미,hobby,"趣 (취: interest, taste) + 味 (미: taste, flavor)",Noun,"예전 소개팅 자리의 단골 질문이 ""취미가 어떻게 되세요?""나 ""어떤 음식 좋아하세요?""였다면, 요즘은 자리에 앉자마자 ""MBTI가 어떻게 되세요?""라고 묻는 것이 국룰(보편적인 규칙)이 되었습니다.","If in the past the frequently asked questions at a blind date were ""What are your hobbies?"" or ""What kind of food do you like?"", nowadays, as soon as you sit down, asking ""What's your MBTI?"" has become the national norm (universal rule).",
음식,food,"飲 (음: drink) + 食 (식: eat, food)",Noun,"예전 소개팅 자리의 단골 질문이 ""취미가 어떻게 되세요?""나 ""어떤 음식 좋아하세요?""였다면, 요즘은 자리에 앉자마자 ""MBTI가 어떻게 되세요?""라고 묻는 것이 국룰(보편적인 규칙)이 되었습니다.","If in the past the frequently asked questions at a blind date were ""What are your hobbies?"" or ""What kind of food do you like?"", nowadays, as soon as you sit down, asking ""What's your MBTI?"" has become the national norm (universal rule).",
좋아하다,to like,Pure Korean,Verb,"예전 소개팅 자리의 단골 질문이 ""취미가 어떻게 되세요?""나 ""어떤 음식 좋아하세요?""였다면, 요즘은 자리에 앉자마자 ""MBTI가 어떻게 되세요?""라고 묻는 것이 국룰(보편적인 규칙)이 되었습니다.","If in the past the frequently asked questions at a blind date were ""What are your hobbies?"" or ""What kind of food do you like?"", nowadays, as soon as you sit down, asking ""What's your MBTI?"" has become the national norm (universal rule).",
앉다,to sit,Pure Korean,Verb,"예전 소개팅 자리의 단골 질문이 ""취미가 어떻게 되세요?""나 ""어떤 음식 좋아하세요?""였다면, 요즘은 자리에 앉자마자 ""MBTI가 어떻게 되세요?""라고 묻는 것이 국룰(보편적인 규칙)이 되었습니다.","If in the past the frequently asked questions at a blind date were ""What are your hobbies?"" or ""What kind of food do you like?"", nowadays, as soon as you sit down, asking ""What's your MBTI?"" has become the national norm (universal rule).",
어떻게,how,Pure Korean,Adverb,"예전 소개팅 자리의 단골 질문이 ""취미가 어떻게 되세요?""나 ""어떤 음식 좋아하세요?""였다면, 요즘은 자리에 앉자마자 ""MBTI가 어떻게 되세요?""라고 묻는 것이 국룰(보편적인 규칙)이 되었습니다.","If in the past the frequently asked questions at a blind date were ""What are your hobbies?"" or ""What kind of food do you like?"", nowadays, as soon as you sit down, asking ""What's your MBTI?"" has become the national norm (universal rule).",
것,thing,Pure Korean,Noun,"예전 소개팅 자리의 단골 질문이 ""취미가 어떻게 되세요?""나 ""어떤 음식 좋아하세요?""였다면, 요즘은 자리에 앉자마자 ""MBTI가 어떻게 되세요?""라고 묻는 것이 국룰(보편적인 규칙)이 되었습니다.","If in the past the frequently asked questions at a blind date were ""What are your hobbies?"" or ""What kind of food do you like?"", nowadays, as soon as you sit down, asking ""What's your MBTI?"" has become the national norm (universal rule).",
국,national,"國 (국: nation, country)",Noun,"예전 소개팅 자리의 단골 질문이 ""취미가 어떻게 되세요?""나 ""어떤 음식 좋아하세요?""였다면, 요즘은 자리에 앉자마자 ""MBTI가 어떻게 되세요?""라고 묻는 것이 국룰(보편적인 규칙)이 되었습니다.","If in the past the frequently asked questions at a blind date were ""What are your hobbies?"" or ""What kind of food do you like?"", nowadays, as soon as you sit down, asking ""What's your MBTI?"" has become the national norm (universal rule).",
룰,rule,Loanword (from English 'rule'),Noun,"예전 소개팅 자리의 단골 질문이 ""취미가 어떻게 되세요?""나 ""어떤 음식 좋아하세요?""였다면, 요즘은 자리에 앉자마자 ""MBTI가 어떻게 되세요?""라고 묻는 것이 국룰(보편적인 규칙)이 되었습니다.","If in the past the frequently asked questions at a blind date were ""What are your hobbies?"" or ""What kind of food do you like?"", nowadays, as soon as you sit down, asking ""What's your MBTI?"" has become the national norm (universal rule).",
보편,universal,"普 (보: universal, general) + 遍 (편: everywhere, pervasive)",Noun,"예전 소개팅 자리의 단골 질문이 ""취미가 어떻게 되세요?""나 ""어떤 음식 좋아하세요?""였다면, 요즘은 자리에 앉자마자 ""MBTI가 어떻게 되세요?""라고 묻는 것이 국룰(보편적인 규칙)이 되었습니다.","If in the past the frequently asked questions at a blind date were ""What are your hobbies?"" or ""What kind of food do you like?"", nowadays, as soon as you sit down, asking ""What's your MBTI?"" has become the national norm (universal rule).",
규칙,rule,"規 (규: rule, compass) + 則 (칙: rule, law)",Noun,"예전 소개팅 자리의 단골 질문이 ""취미가 어떻게 되세요?""나 ""어떤 음식 좋아하세요?""였다면, 요즘은 자리에 앉자마자 ""MBTI가 어떻게 되세요?""라고 묻는 것이 국룰(보편적인 규칙)이 되었습니다.","If in the past the frequently asked questions at a blind date were ""What are your hobbies?"" or ""What kind of food do you like?"", nowadays, as soon as you sit down, asking ""What's your MBTI?"" has become the national norm (universal rule).",
데이,date (as in dating),Loanword (part of English 'dating'),Noun,데이팅 앱 프로필에는 자신의 MBTI를 적어두는 것이 기본 중의 기본입니다.,"On dating app profiles, writing down one's MBTI is the absolute basic.",
팅,-ing (as in dating),Loanword (part of English 'dating'),Noun,데이팅 앱 프로필에는 자신의 MBTI를 적어두는 것이 기본 중의 기본입니다.,"On dating app profiles, writing down one's MBTI is the absolute basic.",
앱,app,Loanword (from English 'app'),Noun,데이팅 앱 프로필에는 자신의 MBTI를 적어두는 것이 기본 중의 기본입니다.,"On dating app profiles, writing down one's MBTI is the absolute basic.",
프로필,profile,Loanword (from English 'profile'),Noun,데이팅 앱 프로필에는 자신의 MBTI를 적어두는 것이 기본 중의 기본입니다.,"On dating app profiles, writing down one's MBTI is the absolute basic.",
자신,oneself,"自 (자: self, oneself) + 身 (신: body, person)",Noun,데이팅 앱 프로필에는 자신의 MBTI를 적어두는 것이 기본 중의 기본입니다.,"On dating app profiles, writing down one's MBTI is the absolute basic.",
적다,"to write, to note down",Pure Korean,Verb,데이팅 앱 프로필에는 자신의 MBTI를 적어두는 것이 기본 중의 기본입니다.,"On dating app profiles, writing down one's MBTI is the absolute basic.",
기본,basic,"基 (기: base, foundation) + 本 (본: root, origin)",Noun,데이팅 앱 프로필에는 자신의 MBTI를 적어두는 것이 기본 중의 기본입니다.,"On dating app profiles, writing down one's MBTI is the absolute basic.",
중,among,"中 (중: middle, center)",Noun,데이팅 앱 프로필에는 자신의 MBTI를 적어두는 것이 기본 중의 기본입니다.,"On dating app profiles, writing down one's MBTI is the absolute basic.",
심지어,"moreover, even",Pure Korean,Adverb,"심지어 ""저는 극강의 'E'(외향형)라서 집에만 있는 'I'(내향형)와는 안 맞아요"", 혹은 ""감정적인 'F' 성향의 사람만 연락 주세요""라며 처음부터 자신과 맞지 않을 것 같은 유형을 차단해 버리는 사람들도 많습니다.","Moreover, there are many people who block types that seem incompatible from the start, saying things like, ""I'm an extreme 'E' (extrovert), so I don't get along with 'I's (introverts) who stay at home,"" or ""Only contact me if you have an emotional 'F' tendency.""",
극,extreme,"極 (극: extreme, pole)",Noun,"심지어 ""저는 극강의 'E'(외향형)라서 집에만 있는 'I'(내향형)와는 안 맞아요"", 혹은 ""감정적인 'F' 성향의 사람만 연락 주세요""라며 처음부터 자신과 맞지 않을 것 같은 유형을 차단해 버리는 사람들도 많습니다.","Moreover, there are many people who block types that seem incompatible from the start, saying things like, ""I'm an extreme 'E' (extrovert), so I don't get along with 'I's (introverts) who stay at home,"" or ""Only contact me if you have an emotional 'F' tendency.""",
강,strong (as in extreme degree),"強 (강: strong, powerful)",Noun,"심지어 ""저는 극강의 'E'(외향형)라서 집에만 있는 'I'(내향형)와는 안 맞아요"", 혹은 ""감정적인 'F' 성향의 사람만 연락 주세요""라며 처음부터 자신과 맞지 않을 것 같은 유형을 차단해 버리는 사람들도 많습니다.","Moreover, there are many people who block types that seem incompatible from the start, saying things like, ""I'm an extreme 'E' (extrovert), so I don't get along with 'I's (introverts) who stay at home,"" or ""Only contact me if you have an emotional 'F' tendency.""",
외향,extroversion,"外 (외: outside) + 向 (향: direction, tendency)",Noun,"심지어 ""저는 극강의 'E'(외향형)라서 집에만 있는 'I'(내향형)와는 안 맞아요"", 혹은 ""감정적인 'F' 성향의 사람만 연락 주세요""라며 처음부터 자신과 맞지 않을 것 같은 유형을 차단해 버리는 사람들도 많습니다.","Moreover, there are many people who block types that seem incompatible from the start, saying things like, ""I'm an extreme 'E' (extrovert), so I don't get along with 'I's (introverts) who stay at home,"" or ""Only contact me if you have an emotional 'F' tendency.""",
집,home,Pure Korean,Noun,"심지어 ""저는 극강의 'E'(외향형)라서 집에만 있는 'I'(내향형)와는 안 맞아요"", 혹은 ""감정적인 'F' 성향의 사람만 연락 주세요""라며 처음부터 자신과 맞지 않을 것 같은 유형을 차단해 버리는 사람들도 많습니다.","Moreover, there are many people who block types that seem incompatible from the start, saying things like, ""I'm an extreme 'E' (extrovert), so I don't get along with 'I's (introverts) who stay at home,"" or ""Only contact me if you have an emotional 'F' tendency.""",
내향,introversion,"內 (내: inside, inner) + 向 (향: direction, tendency)",Noun,"심지어 ""저는 극강의 'E'(외향형)라서 집에만 있는 'I'(내향형)와는 안 맞아요"", 혹은 ""감정적인 'F' 성향의 사람만 연락 주세요""라며 처음부터 자신과 맞지 않을 것 같은 유형을 차단해 버리는 사람들도 많습니다.","Moreover, there are many people who block types that seem incompatible from the start, saying things like, ""I'm an extreme 'E' (extrovert), so I don't get along with 'I's (introverts) who stay at home,"" or ""Only contact me if you have an emotional 'F' tendency.""",
안,not,Pure Korean,Adverb,"심지어 ""저는 극강의 'E'(외향형)라서 집에만 있는 'I'(내향형)와는 안 맞아요"", 혹은 ""감정적인 'F' 성향의 사람만 연락 주세요""라며 처음부터 자신과 맞지 않을 것 같은 유형을 차단해 버리는 사람들도 많습니다.","Moreover, there are many people who block types that seem incompatible from the start, saying things like, ""I'm an extreme 'E' (extrovert), so I don't get along with 'I's (introverts) who stay at home,"" or ""Only contact me if you have an emotional 'F' tendency.""",
맞다,"to fit, to be compatible",Pure Korean,Verb,"심지어 ""저는 극강의 'E'(외향형)라서 집에만 있는 'I'(내향형)와는 안 맞아요"", 혹은 ""감정적인 'F' 성향의 사람만 연락 주세요""라며 처음부터 자신과 맞지 않을 것 같은 유형을 차단해 버리는 사람들도 많습니다.","Moreover, there are many people who block types that seem incompatible from the start, saying things like, ""I'm an extreme 'E' (extrovert), so I don't get along with 'I's (introverts) who stay at home,"" or ""Only contact me if you have an emotional 'F' tendency.""",
혹은,or,Pure Korean,Adverb,"심지어 ""저는 극강의 'E'(외향형)라서 집에만 있는 'I'(내향형)와는 안 맞아요"", 혹은 ""감정적인 'F' 성향의 사람만 연락 주세요""라며 처음부터 자신과 맞지 않을 것 같은 유형을 차단해 버리는 사람들도 많습니다.","Moreover, there are many people who block types that seem incompatible from the start, saying things like, ""I'm an extreme 'E' (extrovert), so I don't get along with 'I's (introverts) who stay at home,"" or ""Only contact me if you have an emotional 'F' tendency.""",
감정,"emotion, feeling","感 (감: feel, sense) + 情 (정: feeling, emotion)",Noun,"심지어 ""저는 극강의 'E'(외향형)라서 집에만 있는 'I'(내향형)와는 안 맞아요"", 혹은 ""감정적인 'F' 성향의 사람만 연락 주세요""라며 처음부터 자신과 맞지 않을 것 같은 유형을 차단해 버리는 사람들도 많습니다.","Moreover, there are many people who block types that seem incompatible from the start, saying things like, ""I'm an extreme 'E' (extrovert), so I don't get along with 'I's (introverts) who stay at home,"" or ""Only contact me if you have an emotional 'F' tendency.""",
성향,"tendency, inclination","性 (성: nature, character) + 向 (향: direction, tendency)",Noun,"심지어 ""저는 극강의 'E'(외향형)라서 집에만 있는 'I'(내향형)와는 안 맞아요"", 혹은 ""감정적인 'F' 성향의 사람만 연락 주세요""라며 처음부터 자신과 맞지 않을 것 같은 유형을 차단해 버리는 사람들도 많습니다.","Moreover, there are many people who block types that seem incompatible from the start, saying things like, ""I'm an extreme 'E' (extrovert), so I don't get along with 'I's (introverts) who stay at home,"" or ""Only contact me if you have an emotional 'F' tendency.""",
연락,contact,"連絡 (연락) -> 連 (연: connect, link) + 絡 (락: entwine, connect)",Noun,"심지어 ""저는 극강의 'E'(외향형)라서 집에만 있는 'I'(내향형)와는 안 맞아요"", 혹은 ""감정적인 'F' 성향의 사람만 연락 주세요""라며 처음부터 자신과 맞지 않을 것 같은 유형을 차단해 버리는 사람들도 많습니다.","There are also many people who, right from the start, block types they think won't suit them, saying things like, ""I'm an extreme 'E' (extrovert), so I don't get along with 'I's (introverts) who just stay home,"" or ""Only people with an emotional 'F' tendency, please contact me.""",
주다,to give,Pure Korean,Verb,"심지어 ""저는 극강의 'E'(외향형)라서 집에만 있는 'I'(내향형)와는 안 맞아요"", 혹은 ""감정적인 'F' 성향의 사람만 연락 주세요""라며 처음부터 자신과 맞지 않을 것 같은 유형을 차단해 버리는 사람들도 많습니다.","There are also many people who, right from the start, block types they think won't suit them, saying things like, ""I'm an extreme 'E' (extrovert), so I don't get along with 'I's (introverts) who just stay home,"" or ""Only people with an emotional 'F' tendency, please contact me.""",
같다,"to be like, to seem",Pure Korean,Adjective,"심지어 ""저는 극강의 'E'(외향형)라서 집에만 있는 'I'(내향형)와는 안 맞아요"", 혹은 ""감정적인 'F' 성향의 사람만 연락 주세요""라며 처음부터 자신과 맞지 않을 것 같은 유형을 차단해 버리는 사람들도 많습니다.","There are also many people who, right from the start, block types they think won't suit them, saying things like, ""I'm an extreme 'E' (extrovert), so I don't get along with 'I's (introverts) who just stay home,"" or ""Only people with an emotional 'F' tendency, please contact me.""",
유형,"type, category","類型 (유형) -> 類 (류/유: kind, type, sort) + 型 (형: model, type, pattern)",Noun,"심지어 ""저는 극강의 'E'(외향형)라서 집에만 있는 'I'(내향형)와는 안 맞아요"", 혹은 ""감정적인 'F' 성향의 사람만 연락 주세요""라며 처음부터 자신과 맞지 않을 것 같은 유형을 차단해 버리는 사람들도 많습니다.","There are also many people who, right from the start, block types they think won't suit them, saying things like, ""I'm an extreme 'E' (extrovert), so I don't get along with 'I's (introverts) who just stay home,"" or ""Only people with an emotional 'F' tendency, please contact me.""",
차단,"blocking, cutoff","遮斷 (차단) -> 遮 (차: cover, block) + 斷 (단: cut off, sever)",Noun,"심지어 ""저는 극강의 'E'(외향형)라서 집에만 있는 'I'(내향형)와는 안 맞아요"", 혹은 ""감정적인 'F' 성향의 사람만 연락 주세요""라며 처음부터 자신과 맞지 않을 것 같은 유형을 차단해 버리는 사람들도 많습니다.","There are also many people who, right from the start, block types they think won't suit them, saying things like, ""I'm an extreme 'E' (extrovert), so I don't get along with 'I's (introverts) who just stay home,"" or ""Only people with an emotional 'F' tendency, please contact me.""",
많다,"to be many, to be numerous",Pure Korean,Adjective,"심지어 ""저는 극강의 'E'(외향형)라서 집에만 있는 'I'(내향형)와는 안 맞아요"", 혹은 ""감정적인 'F' 성향의 사람만 연락 주세요""라며 처음부터 자신과 맞지 않을 것 같은 유형을 차단해 버리는 사람들도 많습니다.","There are also many people who, right from the start, block types they think won't suit them, saying things like, ""I'm an extreme 'E' (extrovert), so I don't get along with 'I's (introverts) who just stay home,"" or ""Only people with an emotional 'F' tendency, please contact me.""",
깊다,to be deep,Pure Korean,Adjective,"사람을 깊게 겪어보고 판단하기보다는, 4개의 알파벳을 통해 상대방과의 궁합을 미리 계산하는 것이죠.","Rather than getting to know people deeply and then judging them, they calculate compatibility with others in advance through four alphabets.",
겪다,"to experience, to go through",Pure Korean,Verb,"사람을 깊게 겪어보고 판단하기보다는, 4개의 알파벳을 통해 상대방과의 궁합을 미리 계산하는 것이죠.","Rather than getting to know people deeply and then judging them, they calculate compatibility with others in advance through four alphabets.",
판단,"judgment, decision","判斷 (판단) -> 判 (판: judge, decide) + 斷 (단: cut off, sever, judge)",Noun,"사람을 깊게 겪어보고 판단하기보다는, 4개의 알파벳을 통해 상대방과의 궁합을 미리 계산하는 것이죠.","Rather than getting to know people deeply and then judging them, they calculate compatibility with others in advance through four alphabets.",
통하다,"to pass through, to communicate",Pure Korean,Verb,"사람을 깊게 겪어보고 판단하기보다는, 4개의 알파벳을 통해 상대방과의 궁합을 미리 계산하는 것이죠.","Rather than getting to know people deeply and then judging them, they calculate compatibility with others in advance through four alphabets.",
상대방,"the other party, counterpart","相對方 (상대방) -> 相 (상: mutual, each other) + 對 (대: face, oppose) + 方 (방: direction, side)",Noun,"사람을 깊게 겪어보고 판단하기보다는, 4개의 알파벳을 통해 상대방과의 궁합을 미리 계산하는 것이죠.","Rather than getting to know people deeply and then judging them, they calculate compatibility with others in advance through four alphabets.",
궁합,compatibility,"宮合 (궁합) -> 宮 (궁: palace, fate) + 合 (합: match, combine)",Noun,"사람을 깊게 겪어보고 판단하기보다는, 4개의 알파벳을 통해 상대방과의 궁합을 미리 계산하는 것이죠.","Rather than getting to know people deeply and then judging them, they calculate compatibility with others in advance through four alphabets.",
미리,"in advance, beforehand",Pure Korean,Adverb,"사람을 깊게 겪어보고 판단하기보다는, 4개의 알파벳을 통해 상대방과의 궁합을 미리 계산하는 것이죠.","Rather than getting to know people deeply and then judging them, they calculate compatibility with others in advance through four alphabets.",
계산,calculation,"計算 (계산) -> 計 (계: count, calculate) + 算 (산: calculate, compute)",Noun,"사람을 깊게 겪어보고 판단하기보다는, 4개의 알파벳을 통해 상대방과의 궁합을 미리 계산하는 것이죠.","Rather than getting to know people deeply and then judging them, they calculate compatibility with others in advance through four alphabets.",
트렌드,trend,Loanword from English 'trend',Noun,트렌드에 가장 민감한 마케팅 시장도 이 열풍을 놓치지 않았습니다.,"Even the marketing market, most sensitive to trends, did not miss this craze.",
마케팅,marketing,Loanword from English 'marketing',Noun,트렌드에 가장 민감한 마케팅 시장도 이 열풍을 놓치지 않았습니다.,"Even the marketing market, most sensitive to trends, did not miss this craze.",
시장,market,"市場 (시장) -> 市 (시: market, city) + 場 (장: place, venue)",Noun,트렌드에 가장 민감한 마케팅 시장도 이 열풍을 놓치지 않았습니다.,"Even the marketing market, most sensitive to trends, did not miss this craze.",
열풍,"craze, fever","熱風 (열풍) -> 熱 (열: heat, hot) + 風 (풍: wind)",Noun,트렌드에 가장 민감한 마케팅 시장도 이 열풍을 놓치지 않았습니다.,"Even the marketing market, most sensitive to trends, did not miss this craze.",
놓치다,"to miss, to lose",Pure Korean,Verb,트렌드에 가장 민감한 마케팅 시장도 이 열풍을 놓치지 않았습니다.,"Even the marketing market, most sensitive to trends, did not miss this craze.",
서울,Seoul,Pure Korean,Noun,요즘 서울의 핫플레이스인 홍대 거리나 성수동에 가보면 MBTI를 활용한 가게들을 쉽게 찾아볼 수 있습니다.,"If you go to Hongdae Street or Seongsu-dong, which are hot places in Seoul these days, you can easily find stores utilizing MBTI.",
핫,"hot (popular, trendy)",Loanword from English 'hot',Noun,요즘 서울의 핫플레이스인 홍대 거리나 성수동에 가보면 MBTI를 활용한 가게들을 쉽게 찾아볼 수 있습니다.,"If you go to Hongdae Street or Seongsu-dong, which are hot places in Seoul these days, you can easily find stores utilizing MBTI.",
플레이스,place,Loanword from English 'place',Noun,요즘 서울의 핫플레이스인 홍대 거리나 성수동에 가보면 MBTI를 활용한 가게들을 쉽게 찾아볼 수 있습니다.,"If you go to Hongdae Street or Seongsu-dong, which are hot places in Seoul these days, you can easily find stores utilizing MBTI.",
홍대,Hongdae (neighborhood name),"弘大 (홍대) -> 弘 (홍: vast, great) + 大 (대: big, great) (Abbreviation of 弘益大學校 Hongik University)",Noun,요즘 서울의 핫플레이스인 홍대 거리나 성수동에 가보면 MBTI를 활용한 가게들을 쉽게 찾아볼 수 있습니다.,"If you go to Hongdae Street or Seongsu-dong, which are hot places in Seoul these days, you can easily find stores utilizing MBTI.",
거리,street,Pure Korean,Noun,요즘 서울의 핫플레이스인 홍대 거리나 성수동에 가보면 MBTI를 활용한 가게들을 쉽게 찾아볼 수 있습니다.,"If you go to Hongdae Street or Seongsu-dong, which are hot places in Seoul these days, you can easily find stores utilizing MBTI.",
성수동,Seongsu-dong (neighborhood name),"聖水洞 (성수동) -> 聖 (성: holy, sacred) + 水 (수: water) + 洞 (동: neighborhood, village)",Noun,요즘 서울의 핫플레이스인 홍대 거리나 성수동에 가보면 MBTI를 활용한 가게들을 쉽게 찾아볼 수 있습니다.,"If you go to Hongdae Street or Seongsu-dong, which are hot places in Seoul these days, you can easily find stores utilizing MBTI.",
가다,to go,Pure Korean,Verb,요즘 서울의 핫플레이스인 홍대 거리나 성수동에 가보면 MBTI를 활용한 가게들을 쉽게 찾아볼 수 있습니다.,"If you go to Hongdae Street or Seongsu-dong, which are hot places in Seoul these days, you can easily find stores utilizing MBTI.",
활용,"utilization, application","活用 (활용) -> 活 (활: live, active) + 用 (용: use, employ)",Noun,요즘 서울의 핫플레이스인 홍대 거리나 성수동에 가보면 MBTI를 활용한 가게들을 쉽게 찾아볼 수 있습니다.,"If you go to Hongdae Street or Seongsu-dong, which are hot places in Seoul these days, you can easily find stores utilizing MBTI.",
가게,"store, shop",Pure Korean,Noun,요즘 서울의 핫플레이스인 홍대 거리나 성수동에 가보면 MBTI를 활용한 가게들을 쉽게 찾아볼 수 있습니다.,"If you go to Hongdae Street or Seongsu-dong, which are hot places in Seoul these days, you can easily find stores utilizing MBTI.",
찾아보다,"to look for, to find",Pure Korean,Verb,요즘 서울의 핫플레이스인 홍대 거리나 성수동에 가보면 MBTI를 활용한 가게들을 쉽게 찾아볼 수 있습니다.,"If you go to Hongdae Street or Seongsu-dong, which are hot places in Seoul these days, you can easily find stores utilizing MBTI.",
수,"way, possibility",Pure Korean,Noun,요즘 서울의 핫플레이스인 홍대 거리나 성수동에 가보면 MBTI를 활용한 가게들을 쉽게 찾아볼 수 있습니다.,"If you go to Hongdae Street or Seongsu-dong, which are hot places in Seoul these days, you can easily find stores utilizing MBTI.",
예,example,"例 (예: example, precedent)",Noun,"예를 들어, 홍대의 한 캡슐 운세 뽑기 가게에는 16개의 MBTI 유형별로 기계가 따로 마련되어 있습니다.","For example, in a capsule fortune-telling draw shop in Hongdae, 16 machines are prepared separately for each MBTI type.",
들다,to take,Pure Korean,Verb,"예를 들어, 홍대의 한 캡슐 운세 뽑기 가게에는 16개의 MBTI 유형별로 기계가 따로 마련되어 있습니다.","For example, in a capsule fortune-telling draw shop in Hongdae, 16 machines are prepared separately for each MBTI type.",
캡슐,capsule,Pure Korean,Noun,"예를 들어, 홍대의 한 캡슐 운세 뽑기 가게에는 16개의 MBTI 유형별로 기계가 따로 마련되어 있습니다.","For example, in a capsule fortune-telling draw shop in Hongdae, 16 machines are prepared separately for each MBTI type.",
운세,fortune,"運 (운: fortune, luck) + 勢 (세: power, tendency)",Noun,"예를 들어, 홍대의 한 캡슐 운세 뽑기 가게에는 16개의 MBTI 유형별로 기계가 따로 마련되어 있습니다.","For example, in a capsule fortune-telling draw shop in Hongdae, 16 machines are prepared separately for each MBTI type.",
뽑기,draw,Pure Korean,Noun,"예를 들어, 홍대의 한 캡슐 운세 뽑기 가게에는 16개의 MBTI 유형별로 기계가 따로 마련되어 있습니다.","For example, in a capsule fortune-telling draw shop in Hongdae, 16 machines are prepared separately for each MBTI type.",
기계,machine,"機 (기: machine, opportunity) + 械 (계: tool, implement)",Noun,"예를 들어, 홍대의 한 캡슐 운세 뽑기 가게에는 16개의 MBTI 유형별로 기계가 따로 마련되어 있습니다.","For example, in a capsule fortune-telling draw shop in Hongdae, 16 machines are prepared separately for each MBTI type.",
따로,separately,Pure Korean,Adverb,"예를 들어, 홍대의 한 캡슐 운세 뽑기 가게에는 16개의 MBTI 유형별로 기계가 따로 마련되어 있습니다.","For example, in a capsule fortune-telling draw shop in Hongdae, 16 machines are prepared separately for each MBTI type.",
마련,preparation,Pure Korean,Noun,"예를 들어, 홍대의 한 캡슐 운세 뽑기 가게에는 16개의 MBTI 유형별로 기계가 따로 마련되어 있습니다.","For example, in a capsule fortune-telling draw shop in Hongdae, 16 machines are prepared separately for each MBTI type.",
단돈,just (money),"單 (단: single, mere)",Noun,사람들은 단돈 천 원을 넣고 자신의 성격 유형에 딱 맞춘 맞춤형 운세 쪽지를 뽑으며 즐거워합니다.,People enjoy putting in just a thousand won and drawing a customized fortune slip tailored to their personality type.,
원,won,"圓 (원: round, circle, won)",Noun,사람들은 단돈 천 원을 넣고 자신의 성격 유형에 딱 맞춘 맞춤형 운세 쪽지를 뽑으며 즐거워합니다.,People enjoy putting in just a thousand won and drawing a customized fortune slip tailored to their personality type.,
넣다,to put in,Pure Korean,Verb,사람들은 단돈 천 원을 넣고 자신의 성격 유형에 딱 맞춘 맞춤형 운세 쪽지를 뽑으며 즐거워합니다.,People enjoy putting in just a thousand won and drawing a customized fortune slip tailored to their personality type.,
딱,exactly,Pure Korean,Adverb,사람들은 단돈 천 원을 넣고 자신의 성격 유형에 딱 맞춘 맞춤형 운세 쪽지를 뽑으며 즐거워합니다.,People enjoy putting in just a thousand won and drawing a customized fortune slip tailored to their personality type.,
맞추다,to tailor,Pure Korean,Verb,사람들은 단돈 천 원을 넣고 자신의 성격 유형에 딱 맞춘 맞춤형 운세 쪽지를 뽑으며 즐거워합니다.,People enjoy putting in just a thousand won and drawing a customized fortune slip tailored to their personality type.,
맞춤,customization,Pure Korean,Noun,사람들은 단돈 천 원을 넣고 자신의 성격 유형에 딱 맞춘 맞춤형 운세 쪽지를 뽑으며 즐거워합니다.,People enjoy putting in just a thousand won and drawing a customized fortune slip tailored to their personality type.,
쪽지,slip,Pure Korean,Noun,사람들은 단돈 천 원을 넣고 자신의 성격 유형에 딱 맞춘 맞춤형 운세 쪽지를 뽑으며 즐거워합니다.,People enjoy putting in just a thousand won and drawing a customized fortune slip tailored to their personality type.,
즐거워하다,to enjoy,Pure Korean,Verb,사람들은 단돈 천 원을 넣고 자신의 성격 유형에 딱 맞춘 맞춤형 운세 쪽지를 뽑으며 즐거워합니다.,People enjoy putting in just a thousand won and drawing a customized fortune slip tailored to their personality type.,
편의점,convenience store,"便 (편: convenient, easy) + 宜 (의: appropriate, suitable) + 店 (점: shop, store)",Noun,"편의점에서는 네 캔을 사면 알파벳을 조합할 수 있는 'MBTI 맥주'가 불티나게 팔렸고, 은행들은 고객의 성향에 맞춰 소비 패턴을 분석해 주는 'MBTI 맞춤형 적금'까지 출시했습니다.","At convenience stores, 'MBTI beer' (where you could combine alphabets if you bought four cans) sold like hotcakes, and banks even launched 'MBTI customized savings accounts' that analyze customers' spending patterns according to their tendencies.",
캔,can,Pure Korean,Noun,"편의점에서는 네 캔을 사면 알파벳을 조합할 수 있는 'MBTI 맥주'가 불티나게 팔렸고, 은행들은 고객의 성향에 맞춰 소비 패턴을 분석해 주는 'MBTI 맞춤형 적금'까지 출시했습니다.","At convenience stores, 'MBTI beer' (where you could combine alphabets if you bought four cans) sold like hotcakes, and banks even launched 'MBTI customized savings accounts' that analyze customers' spending patterns according to their tendencies.",
사다,to buy,Pure Korean,Verb,"편의점에서는 네 캔을 사면 알파벳을 조합할 수 있는 'MBTI 맥주'가 불티나게 팔렸고, 은행들은 고객의 성향에 맞춰 소비 패턴을 분석해 주는 'MBTI 맞춤형 적금'까지 출시했습니다.","At convenience stores, 'MBTI beer' (where you could combine alphabets if you bought four cans) sold like hotcakes, and banks even launched 'MBTI customized savings accounts' that analyze customers' spending patterns according to their tendencies.",
맥주,beer,"麥 (맥: barley) + 酒 (주: alcohol, liquor)",Noun,"편의점에서는 네 캔을 사면 알파벳을 조합할 수 있는 'MBTI 맥주'가 불티나게 팔렸고, 은행들은 고객의 성향에 맞춰 소비 패턴을 분석해 주는 'MBTI 맞춤형 적금'까지 출시했습니다.","At convenience stores, 'MBTI beer' (where you could combine alphabets if you bought four cans) sold like hotcakes, and banks even launched 'MBTI customized savings accounts' that analyze customers' spending patterns according to their tendencies.",
불티나다,to sell like hotcakes,Pure Korean,Verb,"편의점에서는 네 캔을 사면 알파벳을 조합할 수 있는 'MBTI 맥주'가 불티나게 팔렸고, 은행들은 고객의 성향에 맞춰 소비 패턴을 분석해 주는 'MBTI 맞춤형 적금'까지 출시했습니다.","At convenience stores, 'MBTI beer' (where you could combine alphabets if you bought four cans) sold like hotcakes, and banks even launched 'MBTI customized savings accounts' that analyze customers' spending patterns according to their tendencies.",
팔리다,to be sold,Pure Korean,Verb,"편의점에서는 네 캔을 사면 알파벳을 조합할 수 있는 'MBTI 맥주'가 불티나게 팔렸고, 은행들은 고객의 성향에 맞춰 소비 패턴을 분석해 주는 'MBTI 맞춤형 적금'까지 출시했습니다.","At convenience stores, 'MBTI beer' (where you could combine alphabets if you bought four cans) sold like hotcakes, and banks even launched 'MBTI customized savings accounts' that analyze customers' spending patterns according to their tendencies.",
은행,bank,"銀 (은: silver) + 行 (행: bank, business, go)",Noun,"편의점에서는 네 캔을 사면 알파벳을 조합할 수 있는 'MBTI 맥주'가 불티나게 팔렸고, 은행들은 고객의 성향에 맞춰 소비 패턴을 분석해 주는 'MBTI 맞춤형 적금'까지 출시했습니다.","At convenience stores, 'MBTI beer' (where you could combine alphabets if you bought four cans) sold like hotcakes, and banks even launched 'MBTI customized savings accounts' that analyze customers' spending patterns according to their tendencies.",
고객,customer,"顧 (고: look back, attend to) + 客 (객: guest, customer)",Noun,"편의점에서는 네 캔을 사면 알파벳을 조합할 수 있는 'MBTI 맥주'가 불티나게 팔렸고, 은행들은 고객의 성향에 맞춰 소비 패턴을 분석해 주는 'MBTI 맞춤형 적금'까지 출시했습니다.","At convenience stores, 'MBTI beer' (where you could combine alphabets if you bought four cans) sold like hotcakes, and banks even launched 'MBTI customized savings accounts' that analyze customers' spending patterns according to their tendencies.",
소비,consumption,"消 (소: vanish, eliminate) + 費 (비: expense, cost)",Noun,"편의점에서는 네 캔을 사면 알파벳을 조합할 수 있는 'MBTI 맥주'가 불티나게 팔렸고, 은행들은 고객의 성향에 맞춰 소비 패턴을 분석해 주는 'MBTI 맞춤형 적금'까지 출시했습니다.","At convenience stores, 'MBTI beer' (where you could combine alphabets if you bought four cans) sold like hotcakes, and banks even launched 'MBTI customized savings accounts' that analyze customers' spending patterns according to their tendencies.",
패턴,pattern,Pure Korean,Noun,"편의점에서는 네 캔을 사면 알파벳을 조합할 수 있는 'MBTI 맥주'가 불티나게 팔렸고, 은행들은 고객의 성향에 맞춰 소비 패턴을 분석해 주는 'MBTI 맞춤형 적금'까지 출시했습니다.","At convenience stores, 'MBTI beer' (where you could combine alphabets if you bought four cans) sold like hotcakes, and banks even launched 'MBTI customized savings accounts' that analyze customers' spending patterns according to their tendencies.",
분석,analysis,"分 (분: divide, separate) + 析 (석: analyze, split)",Noun,"편의점에서는 네 캔을 사면 알파벳을 조합할 수 있는 'MBTI 맥주'가 불티나게 팔렸고, 은행들은 고객의 성향에 맞춰 소비 패턴을 분석해 주는 'MBTI 맞춤형 적금'까지 출시했습니다.","At convenience stores, 'MBTI beer' (where you could combine alphabets if you bought four cans) sold like hotcakes, and banks even launched 'MBTI customized savings accounts' that analyze customers' spending patterns according to their tendencies.",
적금,savings account,"積 (적: accumulate, pile up) + 金 (금: gold, money)",Noun,"편의점에서는 네 캔을 사면 알파벳을 조합할 수 있는 'MBTI 맥주'가 불티나게 팔렸고, 은행들은 고객의 성향에 맞춰 소비 패턴을 분석해 주는 'MBTI 맞춤형 적금'까지 출시했습니다.","At convenience stores, 'MBTI beer' (where you could combine alphabets if you bought four cans) sold like hotcakes, and banks even launched 'MBTI customized savings accounts' that analyze customers' spending patterns according to their tendencies.",
출시,launch,"出 (출: go out, emerge) + 市 (시: market, city)",Noun,"편의점에서는 네 캔을 사면 알파벳을 조합할 수 있는 'MBTI 맥주'가 불티나게 팔렸고, 은행들은 고객의 성향에 맞춰 소비 패턴을 분석해 주는 'MBTI 맞춤형 적금'까지 출시했습니다.","At convenience stores, 'MBTI beer' (where you could combine alphabets if you bought four cans) sold like hotcakes, and banks even launched 'MBTI customized savings accounts' that analyze customers' spending patterns according to their tendencies.",
바야흐로,indeed,Pure Korean,Adverb,바야흐로 소비자의 지갑을 열게 만드는 가장 강력한 키워드가 된 것입니다.,"Indeed, it has become the most powerful keyword that makes consumers open their wallets.",
소비자,consumer,"消費 (소비: consume) + 者 (자: person) -> 消 (소: vanish, disappear) + 費 (비: expense, consume) + 者 (자: person)",Noun,바야흐로 소비자의 지갑을 열게 만드는 가장 강력한 키워드가 된 것입니다.,This has now become the most powerful keyword that opens consumers' wallets.,
지갑,wallet,Pure Korean,Noun,바야흐로 소비자의 지갑을 열게 만드는 가장 강력한 키워드가 된 것입니다.,This has now become the most powerful keyword that opens consumers' wallets.,
열다,to open,Pure Korean,Verb,바야흐로 소비자의 지갑을 열게 만드는 가장 강력한 키워드가 된 것입니다.,This has now become the most powerful keyword that opens consumers' wallets.,
키워드,keyword,Pure Korean,Noun,바야흐로 소비자의 지갑을 열게 만드는 가장 강력한 키워드가 된 것입니다.,This has now become the most powerful keyword that opens consumers' wallets.,
하지만,however,Pure Korean,Adverb,하지만 이 열풍이 항상 재미있는 밈(meme)으로만 소비되는 것은 아닙니다.,"However, this craze is not always consumed only as interesting memes.",
항상,always,"恒常 (항상) -> 恒 (항: constant, regular) + 常 (상: usual, normal)",Adverb,하지만 이 열풍이 항상 재미있는 밈(meme)으로만 소비되는 것은 아닙니다.,"However, this craze is not always consumed only as interesting memes.",
재미있다,to be interesting,Pure Korean,Adjective,하지만 이 열풍이 항상 재미있는 밈(meme)으로만 소비되는 것은 아닙니다.,"However, this craze is not always consumed only as interesting memes.",
밈,meme,Pure Korean,Noun,하지만 이 열풍이 항상 재미있는 밈(meme)으로만 소비되는 것은 아닙니다.,"However, this craze is not always consumed only as interesting memes.",
논란,controversy,"論難 (논란) -> 論 (논: discuss, argue) + 難 (란: difficult, problematic)",Noun,가장 논란이 되고 있는 곳은 바로 취업 시장입니다.,The most controversial area is the job market.,
곳,place,Pure Korean,Noun,가장 논란이 되고 있는 곳은 바로 취업 시장입니다.,The most controversial area is the job market.,
취업,employment,"就業 (취업) -> 就 (취: proceed to, go into) + 業 (업: work, business)",Noun,가장 논란이 되고 있는 곳은 바로 취업 시장입니다.,The most controversial area is the job market.,
최근,recent times,"最近 (최근) -> 最 (최: most, extreme) + 近 (근: near, close)",Noun,"최근 몇 년 사이, 아르바이트생을 구하거나 신입사원을 채용할 때 이력서에 MBTI를 필수로 적어 내라는 기업들이 생겨났습니다.","In recent years, companies have emerged that require MBTI to be written as a mandatory item on resumes when hiring part-time workers or new employees.",
사이,interval,Pure Korean,Noun,"최근 몇 년 사이, 아르바이트생을 구하거나 신입사원을 채용할 때 이력서에 MBTI를 필수로 적어 내라는 기업들이 생겨났습니다.","In recent years, companies have emerged that require MBTI to be written as a mandatory item on resumes when hiring part-time workers or new employees.",
아르바이트,part-time job,Pure Korean,Noun,"최근 몇 년 사이, 아르바이트생을 구하거나 신입사원을 채용할 때 이력서에 MBTI를 필수로 적어 내라는 기업들이 생겨났습니다.","In recent years, companies have emerged that require MBTI to be written as a mandatory item on resumes when hiring part-time workers or new employees.",
구하다,"to seek, to hire",Pure Korean,Verb,"최근 몇 년 사이, 아르바이트생을 구하거나 신입사원을 채용할 때 이력서에 MBTI를 필수로 적어 내라는 기업들이 생겨났습니다.","In recent years, companies have emerged that require MBTI to be written as a mandatory item on resumes when hiring part-time workers or new employees.",
신입,newcomer,"新入 (신입) -> 新 (신: new) + 入 (입: enter, join)",Noun,"최근 몇 년 사이, 아르바이트생을 구하거나 신입사원을 채용할 때 이력서에 MBTI를 필수로 적어 내라는 기업들이 생겨났습니다.","In recent years, companies have emerged that require MBTI to be written as a mandatory item on resumes when hiring part-time workers or new employees.",
사원,employee,"社員 (사원) -> 社 (사: company, society) + 員 (원: member, employee)",Noun,"최근 몇 년 사이, 아르바이트생을 구하거나 신입사원을 채용할 때 이력서에 MBTI를 필수로 적어 내라는 기업들이 생겨났습니다.","In recent years, companies have emerged that require MBTI to be written as a mandatory item on resumes when hiring part-time workers or new employees.",
채용,"recruitment, hiring","採用 (채용) -> 採 (채: choose, adopt) + 用 (용: use, employ)",Noun,"최근 몇 년 사이, 아르바이트생을 구하거나 신입사원을 채용할 때 이력서에 MBTI를 필수로 적어 내라는 기업들이 생겨났습니다.","In recent years, companies have emerged that require MBTI to be written as a mandatory item on resumes when hiring part-time workers or new employees.",
때,"time, occasion",Pure Korean,Noun,"최근 몇 년 사이, 아르바이트생을 구하거나 신입사원을 채용할 때 이력서에 MBTI를 필수로 적어 내라는 기업들이 생겨났습니다.","In recent years, companies have emerged that require MBTI to be written as a mandatory item on resumes when hiring part-time workers or new employees.",
이력서,resume,"履歷書 (이력서) -> 履 (이: record, history) + 歷 (력: experience, past) + 書 (서: document, writing)",Noun,"최근 몇 년 사이, 아르바이트생을 구하거나 신입사원을 채용할 때 이력서에 MBTI를 필수로 적어 내라는 기업들이 생겨났습니다.","In recent years, companies have emerged that require MBTI to be written as a mandatory item on resumes when hiring part-time workers or new employees.",
내다,to submit,Pure Korean,Verb,"최근 몇 년 사이, 아르바이트생을 구하거나 신입사원을 채용할 때 이력서에 MBTI를 필수로 적어 내라는 기업들이 생겨났습니다.","In recent years, companies have emerged that require MBTI to be written as a mandatory item on resumes when hiring part-time workers or new employees.",
기업,company,"企業 (기업) -> 企 (기: plan, scheme) + 業 (업: business, industry)",Noun,"최근 몇 년 사이, 아르바이트생을 구하거나 신입사원을 채용할 때 이력서에 MBTI를 필수로 적어 내라는 기업들이 생겨났습니다.","In recent years, companies have emerged that require MBTI to be written as a mandatory item on resumes when hiring part-time workers or new employees.",
생겨나다,"to emerge, to come into being",Pure Korean,Verb,"최근 몇 년 사이, 아르바이트생을 구하거나 신입사원을 채용할 때 이력서에 MBTI를 필수로 적어 내라는 기업들이 생겨났습니다.","In recent years, companies have emerged that require MBTI to be written as a mandatory item on resumes when hiring part-time workers or new employees.",
특정,"specific, particular","特定 (특정) -> 特 (특: special, unique) + 定 (정: decide, determine)",Noun,"특정 카페에서는 ""활발한 E(외향형) 유형만 지원 가능""이라는 공고를 올려 차별 논란이 일기도 했고, 어떤 대기업 면접에서는 ""본인의 MBTI 장단점을 우리 회사의 직무와 연결해서 설명해 보세요""라는 질문이 등장했습니다.","In a specific cafe, an announcement stating ""Only active E (extroverted) types can apply"" led to a discrimination controversy, and in some large company interviews, a question appeared asking, ""Explain the strengths and weaknesses of your MBTI type in relation to our company's job duties.""",
카페,cafe,Pure Korean,Noun,"특정 카페에서는 ""활발한 E(외향형) 유형만 지원 가능""이라는 공고를 올려 차별 논란이 일기도 했고, 어떤 대기업 면접에서는 ""본인의 MBTI 장단점을 우리 회사의 직무와 연결해서 설명해 보세요""라는 질문이 등장했습니다.","In a specific cafe, an announcement stating ""Only active E (extroverted) types can apply"" led to a discrimination controversy, and in some large company interviews, a question appeared asking, ""Explain the strengths and weaknesses of your MBTI type in relation to our company's job duties.""",
지원,application,"志願 (지원) -> 志 (지: will, purpose) + 願 (원: wish, desire)",Noun,"특정 카페에서는 ""활발한 E(외향형) 유형만 지원 가능""이라는 공고를 올려 차별 논란이 일기도 했고, 어떤 대기업 면접에서는 ""본인의 MBTI 장단점을 우리 회사의 직무와 연결해서 설명해 보세요""라는 질문이 등장했습니다.","In a specific cafe, an announcement stating ""Only active E (extroverted) types can apply"" led to a discrimination controversy, and in some large company interviews, a question appeared asking, ""Explain the strengths and weaknesses of your MBTI type in relation to our company's job duties.""",
가능,"possible, possibility","可能 (가능) -> 可 (가: can, able) + 能 (능: ability, talent)",Noun,"특정 카페에서는 ""활발한 E(외향형) 유형만 지원 가능""이라는 공고를 올려 차별 논란이 일기도 했고, 어떤 대기업 면접에서는 ""본인의 MBTI 장단점을 우리 회사의 직무와 연결해서 설명해 보세요""라는 질문이 등장했습니다.","In a specific cafe, an announcement stating ""Only active E (extroverted) types can apply"" led to a discrimination controversy, and in some large company interviews, a question appeared asking, ""Explain the strengths and weaknesses of your MBTI type in relation to our company's job duties.""",
공고,"announcement, notice","公告 (공고) -> 公 (공: public, common) + 告 (고: tell, inform)",Noun,"특정 카페에서는 ""활발한 E(외향형) 유형만 지원 가능""이라는 공고를 올려 차별 논란이 일기도 했고, 어떤 대기업 면접에서는 ""본인의 MBTI 장단점을 우리 회사의 직무와 연결해서 설명해 보세요""라는 질문이 등장했습니다.","In a specific cafe, an announcement stating ""Only active E (extroverted) types can apply"" led to a discrimination controversy, and in some large company interviews, a question appeared asking, ""Explain the strengths and weaknesses of your MBTI type in relation to our company's job duties.""",
올리다,"to post, to upload",Pure Korean,Verb,"특정 카페에서는 ""활발한 E(외향형) 유형만 지원 가능""이라는 공고를 올려 차별 논란이 일기도 했고, 어떤 대기업 면접에서는 ""본인의 MBTI 장단점을 우리 회사의 직무와 연결해서 설명해 보세요""라는 질문이 등장했습니다.","In a specific cafe, an announcement stating ""Only active E (extroverted) types can apply"" led to a discrimination controversy, and in some large company interviews, a question appeared asking, ""Explain the strengths and weaknesses of your MBTI type in relation to our company's job duties.""",
차별,discrimination,"差別 (차별) -> 差 (차: difference, disparity) + 別 (별: differentiate, separate)",Noun,"특정 카페에서는 ""활발한 E(외향형) 유형만 지원 가능""이라는 공고를 올려 차별 논란이 일기도 했고, 어떤 대기업 면접에서는 ""본인의 MBTI 장단점을 우리 회사의 직무와 연결해서 설명해 보세요""라는 질문이 등장했습니다.","In a specific cafe, an announcement stating ""Only active E (extroverted) types can apply"" led to a discrimination controversy, and in some large company interviews, a question appeared asking, ""Explain the strengths and weaknesses of your MBTI type in relation to our company's job duties.""",
일다,to arise,Pure Korean,Verb,"특정 카페에서는 ""활발한 E(외향형) 유형만 지원 가능""이라는 공고를 올려 차별 논란이 일기도 했고, 어떤 대기업 면접에서는 ""본인의 MBTI 장단점을 우리 회사의 직무와 연결해서 설명해 보세요""라는 질문이 등장했습니다.","In a particular cafe, a notice stating 'Only active E (extroverted) types can apply' was posted, leading to discrimination controversy, and in an interview at a certain large corporation, the question 'Please explain the pros and cons of your MBTI type in connection with our company's job role' appeared.",
면접,interview,"面 (면: face) + 接 (접: meet, contact)",Noun,"특정 카페에서는 ""활발한 E(외향형) 유형만 지원 가능""이라는 공고를 올려 차별 논란이 일기도 했고, 어떤 대기업 면접에서는 ""본인의 MBTI 장단점을 우리 회사의 직무와 연결해서 설명해 보세요""라는 질문이 등장했습니다.","In a particular cafe, a notice stating 'Only active E (extroverted) types can apply' was posted, leading to discrimination controversy, and in an interview at a certain large corporation, the question 'Please explain the pros and cons of your MBTI type in connection with our company's job role' appeared.",
본인,self,"本 (본: root, self) + 人 (인: person)",Noun,"특정 카페에서는 ""활발한 E(외향형) 유형만 지원 가능""이라는 공고를 올려 차별 논란이 일기도 했고, 어떤 대기업 면접에서는 ""본인의 MBTI 장단점을 우리 회사의 직무와 연결해서 설명해 보세요""라는 질문이 등장했습니다.","In a particular cafe, a notice stating 'Only active E (extroverted) types can apply' was posted, leading to discrimination controversy, and in an interview at a certain large corporation, the question 'Please explain the pros and cons of your MBTI type in connection with our company's job role' appeared.",
장단점,pros and cons,"長 (장: long, strong point) + 短 (단: short, weak point) + 點 (점: point)",Noun,"특정 카페에서는 ""활발한 E(외향형) 유형만 지원 가능""이라는 공고를 올려 차별 논란이 일기도 했고, 어떤 대기업 면접에서는 ""본인의 MBTI 장단점을 우리 회사의 직무와 연결해서 설명해 보세요""라는 질문이 등장했습니다.","In a particular cafe, a notice stating 'Only active E (extroverted) types can apply' was posted, leading to discrimination controversy, and in an interview at a certain large corporation, the question 'Please explain the pros and cons of your MBTI type in connection with our company's job role' appeared.",
회사,company,"會 (회: gather, meeting) + 社 (사: company, society)",Noun,"특정 카페에서는 ""활발한 E(외향형) 유형만 지원 가능""이라는 공고를 올려 차별 논란이 일기도 했고, 어떤 대기업 면접에서는 ""본인의 MBTI 장단점을 우리 회사의 직무와 연결해서 설명해 보세요""라는 질문이 등장했습니다.","In a particular cafe, a notice stating 'Only active E (extroverted) types can apply' was posted, leading to discrimination controversy, and in an interview at a certain large corporation, the question 'Please explain the pros and cons of your MBTI type in connection with our company's job role' appeared.",
직무,job role,"職 (직: duty, position) + 務 (무: task, service)",Noun,"특정 카페에서는 ""활발한 E(외향형) 유형만 지원 가능""이라는 공고를 올려 차별 논란이 일기도 했고, 어떤 대기업 면접에서는 ""본인의 MBTI 장단점을 우리 회사의 직무와 연결해서 설명해 보세요""라는 질문이 등장했습니다.","In a particular cafe, a notice stating 'Only active E (extroverted) types can apply' was posted, leading to discrimination controversy, and in an interview at a certain large corporation, the question 'Please explain the pros and cons of your MBTI type in connection with our company's job role' appeared.",
연결,connection,"連 (연: connect, link) + 結 (결: tie, bind)",Noun,"특정 카페에서는 ""활발한 E(외향형) 유형만 지원 가능""이라는 공고를 올려 차별 논란이 일기도 했고, 어떤 대기업 면접에서는 ""본인의 MBTI 장단점을 우리 회사의 직무와 연결해서 설명해 보세요""라는 질문이 등장했습니다.","In a particular cafe, a notice stating 'Only active E (extroverted) types can apply' was posted, leading to discrimination controversy, and in an interview at a certain large corporation, the question 'Please explain the pros and cons of your MBTI type in connection with our company's job role' appeared.",
설명,explanation,"說 (설: speak, explain) + 明 (명: bright, clear)",Noun,"특정 카페에서는 ""활발한 E(외향형) 유형만 지원 가능""이라는 공고를 올려 차별 논란이 일기도 했고, 어떤 대기업 면접에서는 ""본인의 MBTI 장단점을 우리 회사의 직무와 연결해서 설명해 보세요""라는 질문이 등장했습니다.","In a particular cafe, a notice stating 'Only active E (extroverted) types can apply' was posted, leading to discrimination controversy, and in an interview at a certain large corporation, the question 'Please explain the pros and cons of your MBTI type in connection with our company's job role' appeared.",
등장,appearance,"登 (등: ascend, appear) + 場 (장: place, stage)",Noun,"특정 카페에서는 ""활발한 E(외향형) 유형만 지원 가능""이라는 공고를 올려 차별 논란이 일기도 했고, 어떤 대기업 면접에서는 ""본인의 MBTI 장단점을 우리 회사의 직무와 연결해서 설명해 보세요""라는 질문이 등장했습니다.","In a particular cafe, a notice stating 'Only active E (extroverted) types can apply' was posted, leading to discrimination controversy, and in an interview at a certain large corporation, the question 'Please explain the pros and cons of your MBTI type in connection with our company's job role' appeared.",
스스로,oneself,Pure Korean,Adverb,"스스로 답을 고르는 심리 검사 결과가 채용의 기준이 되는 현상에 대해, 전문가들은 ""개인의 복잡한 역량을 알파벳 몇 개로 재단하는 것은 위험하다""고 경고하고 있습니다.","Regarding the phenomenon where the results of psychological tests, where one chooses the answers oneself, become a criterion for hiring, experts warn that 'it is dangerous to judge a person's complex capabilities with just a few alphabets'.",
답,answer,"答 (답: answer, reply)",Noun,"스스로 답을 고르는 심리 검사 결과가 채용의 기준이 되는 현상에 대해, 전문가들은 ""개인의 복잡한 역량을 알파벳 몇 개로 재단하는 것은 위험하다""고 경고하고 있습니다.","Regarding the phenomenon where the results of psychological tests, where one chooses the answers oneself, become a criterion for hiring, experts warn that 'it is dangerous to judge a person's complex capabilities with just a few alphabets'.",
고르다,to choose,Pure Korean,Verb,"스스로 답을 고르는 심리 검사 결과가 채용의 기준이 되는 현상에 대해, 전문가들은 ""개인의 복잡한 역량을 알파벳 몇 개로 재단하는 것은 위험하다""고 경고하고 있습니다.","Regarding the phenomenon where the results of psychological tests, where one chooses the answers oneself, become a criterion for hiring, experts warn that 'it is dangerous to judge a person's complex capabilities with just a few alphabets'.",
검사,test,"檢 (검: inspect, examine) + 査 (사: examine, investigate)",Noun,"스스로 답을 고르는 심리 검사 결과가 채용의 기준이 되는 현상에 대해, 전문가들은 ""개인의 복잡한 역량을 알파벳 몇 개로 재단하는 것은 위험하다""고 경고하고 있습니다.","Regarding the phenomenon where the results of psychological tests, where one chooses the answers oneself, become a criterion for hiring, experts warn that 'it is dangerous to judge a person's complex capabilities with just a few alphabets'.",
결과,result,"結 (결: tie, conclude) + 果 (과: fruit, result)",Noun,"스스로 답을 고르는 심리 검사 결과가 채용의 기준이 되는 현상에 대해, 전문가들은 ""개인의 복잡한 역량을 알파벳 몇 개로 재단하는 것은 위험하다""고 경고하고 있습니다.","Regarding the phenomenon where the results of psychological tests, where one chooses the answers oneself, become a criterion for hiring, experts warn that 'it is dangerous to judge a person's complex capabilities with just a few alphabets'.",
기준,criterion,"基 (기: base, foundation) + 準 (준: standard, criterion)",Noun,"스스로 답을 고르는 심리 검사 결과가 채용의 기준이 되는 현상에 대해, 전문가들은 ""개인의 복잡한 역량을 알파벳 몇 개로 재단하는 것은 위험하다""고 경고하고 있습니다.","Regarding the phenomenon where the results of psychological tests, where one chooses the answers oneself, become a criterion for hiring, experts warn that 'it is dangerous to judge a person's complex capabilities with just a few alphabets'.",
현상,phenomenon,"現 (현: appear, current) + 象 (상: form, image, phenomenon)",Noun,"스스로 답을 고르는 심리 검사 결과가 채용의 기준이 되는 현상에 대해, 전문가들은 ""개인의 복잡한 역량을 알파벳 몇 개로 재단하는 것은 위험하다""고 경고하고 있습니다.","Regarding the phenomenon where the results of psychological tests, where one chooses the answers oneself, become a criterion for hiring, experts warn that 'it is dangerous to judge a person's complex capabilities with just a few alphabets'.",
대하다,to regard,Pure Korean,Verb,"스스로 답을 고르는 심리 검사 결과가 채용의 기준이 되는 현상에 대해, 전문가들은 ""개인의 복잡한 역량을 알파벳 몇 개로 재단하는 것은 위험하다""고 경고하고 있습니다.","Regarding the phenomenon where the results of psychological tests, where one chooses the answers oneself, become a criterion for hiring, experts warn that 'it is dangerous to judge a person's complex capabilities with just a few alphabets'.",
전문가,expert,"專 (전: specialized) + 門 (문: gate, field) + 家 (가: family, expert)",Noun,"스스로 답을 고르는 심리 검사 결과가 채용의 기준이 되는 현상에 대해, 전문가들은 ""개인의 복잡한 역량을 알파벳 몇 개로 재단하는 것은 위험하다""고 경고하고 있습니다.","Regarding the phenomenon where the results of psychological tests, where one chooses the answers oneself, become a criterion for hiring, experts warn that 'it is dangerous to judge a person's complex capabilities with just a few alphabets'.",
개인,individual,"個 (개: individual, unit) + 人 (인: person)",Noun,"스스로 답을 고르는 심리 검사 결과가 채용의 기준이 되는 현상에 대해, 전문가들은 ""개인의 복잡한 역량을 알파벳 몇 개로 재단하는 것은 위험하다""고 경고하고 있습니다.","Regarding the phenomenon where the results of psychological tests, where one chooses the answers oneself, become a criterion for hiring, experts warn that 'it is dangerous to judge a person's complex capabilities with just a few alphabets'.",
역량,capability,"力 (역: power, strength) + 量 (량: measure, quantity)",Noun,"스스로 답을 고르는 심리 검사 결과가 채용의 기준이 되는 현상에 대해, 전문가들은 ""개인의 복잡한 역량을 알파벳 몇 개로 재단하는 것은 위험하다""고 경고하고 있습니다.","Regarding the phenomenon where the results of psychological tests, where one chooses the answers oneself, become a criterion for hiring, experts warn that 'it is dangerous to judge a person's complex capabilities with just a few alphabets'.",
재단,judgment,"裁 (재: cut, judge) + 斷 (단: cut off, decide)",Noun,"스스로 답을 고르는 심리 검사 결과가 채용의 기준이 되는 현상에 대해, 전문가들은 ""개인의 복잡한 역량을 알파벳 몇 개로 재단하는 것은 위험하다""고 경고하고 있습니다.","Regarding the phenomenon where the results of psychological tests, where one chooses the answers oneself, become a criterion for hiring, experts warn that 'it is dangerous to judge a person's complex capabilities with just a few alphabets'.",
위험,danger,"危 (위: danger, peril) + 險 (험: danger, steep)",Noun,"스스로 답을 고르는 심리 검사 결과가 채용의 기준이 되는 현상에 대해, 전문가들은 ""개인의 복잡한 역량을 알파벳 몇 개로 재단하는 것은 위험하다""고 경고하고 있습니다.","Regarding the phenomenon where the results of psychological tests, where one chooses the answers oneself, become a criterion for hiring, experts warn that 'it is dangerous to judge a person's complex capabilities with just a few alphabets'.",
경고,warning,"警 (경: warn, alert) + 告 (고: tell, report)",Noun,"스스로 답을 고르는 심리 검사 결과가 채용의 기준이 되는 현상에 대해, 전문가들은 ""개인의 복잡한 역량을 알파벳 몇 개로 재단하는 것은 위험하다""고 경고하고 있습니다.","Regarding the phenomenon where the results of psychological tests, where one chooses the answers oneself, become a criterion for hiring, experts warn that 'it is dangerous to judge a person's complex capabilities with just a few alphabets'.",
일상,everyday life,"日 (일: day, sun) + 常 (상: always, common, ordinary)",Noun,일상 대화 속에서도 MBTI는 언어 습관을 완전히 바꿔놓았습니다.,"Even in everyday conversations, MBTI has completely changed language habits.",
대화,conversation,"對 (대: face, confront, reply) + 話 (화: talk, speech)",Noun,일상 대화 속에서도 MBTI는 언어 습관을 완전히 바꿔놓았습니다.,"Even in everyday conversations, MBTI has completely changed language habits.",
속,within,Pure Korean,Noun,일상 대화 속에서도 MBTI는 언어 습관을 완전히 바꿔놓았습니다.,"Even in everyday conversations, MBTI has completely changed language habits.",
언어,language,"言 (언: speech, word) + 語 (어: language, word)",Noun,일상 대화 속에서도 MBTI는 언어 습관을 완전히 바꿔놓았습니다.,"Even in everyday conversations, MBTI has completely changed language habits.",
습관,habit,"習 (습: learn, practice) + 慣 (관: custom, habit)",Noun,일상 대화 속에서도 MBTI는 언어 습관을 완전히 바꿔놓았습니다.,"Even in everyday conversations, MBTI has completely changed language habits.",
바꾸다,to change,Pure Korean,Verb,일상 대화 속에서도 MBTI는 언어 습관을 완전히 바꿔놓았습니다.,"Even in everyday conversations, MBTI has completely changed language habits.",
대표,representative,"代 (대: instead, substitute) + 表 (표: surface, express, represent)",Noun,"가장 대표적인 유행어는 단연 ""너 T야?""입니다.","Undoubtedly, the most representative buzzword is 'Are you a T?'",
유행어,"buzzword, catchphrase","流 (류/유: flow, trend) + 行 (행: go, circulate) + 語 (어: language, word)",Noun,"가장 대표적인 유행어는 단연 ""너 T야?""입니다.","The most representative buzzword is, without a doubt, 'Are you a T?'",
단연,"without a doubt, certainly","斷 (단: cut off, decide) + 然 (연: so, like that)",Adverb,"가장 대표적인 유행어는 단연 ""너 T야?""입니다.","The most representative buzzword is, without a doubt, 'Are you a T?'",
위로,"comfort, consolation","慰 (위: comfort, console) + 勞 (로: labor, toil, effort)",Noun,"누군가 위로를 바라고 슬픈 이야기를 했는데, 상대방이 공감해 주지 않고 너무 이성적이고 차갑게 해결책만 제시할 때 쓰는 핀잔입니다.","It's a reprimand used when someone tells a sad story hoping for comfort, but the other person doesn't empathize and instead offers only overly rational and cold solutions.",
바라다,"to hope, to wish for",Pure Korean,Verb,"누군가 위로를 바라고 슬픈 이야기를 했는데, 상대방이 공감해 주지 않고 너무 이성적이고 차갑게 해결책만 제시할 때 쓰는 핀잔입니다.","It's a reprimand used when someone tells a sad story hoping for comfort, but the other person doesn't empathize and instead offers only overly rational and cold solutions.",
슬프다,to be sad,Pure Korean,Adjective,"누군가 위로를 바라고 슬픈 이야기를 했는데, 상대방이 공감해 주지 않고 너무 이성적이고 차갑게 해결책만 제시할 때 쓰는 핀잔입니다.","It's a reprimand used when someone tells a sad story hoping for comfort, but the other person doesn't empathize and instead offers only overly rational and cold solutions.",
이야기,"story, talk",Pure Korean,Noun,"누군가 위로를 바라고 슬픈 이야기를 했는데, 상대방이 공감해 주지 않고 너무 이성적이고 차갑게 해결책만 제시할 때 쓰는 핀잔입니다.","It's a reprimand used when someone tells a sad story hoping for comfort, but the other person doesn't empathize and instead offers only overly rational and cold solutions.",
공감,"empathy, sympathy","共 (공: together, common) + 感 (감: feel, sense)",Noun,"누군가 위로를 바라고 슬픈 이야기를 했는데, 상대방이 공감해 주지 않고 너무 이성적이고 차갑게 해결책만 제시할 때 쓰는 핀잔입니다.","It's a reprimand used when someone tells a sad story hoping for comfort, but the other person doesn't empathize and instead offers only overly rational and cold solutions.",
너무,"too, excessively",Pure Korean,Adverb,"누군가 위로를 바라고 슬픈 이야기를 했는데, 상대방이 공감해 주지 않고 너무 이성적이고 차갑게 해결책만 제시할 때 쓰는 핀잔입니다.","It's a reprimand used when someone tells a sad story hoping for comfort, but the other person doesn't empathize and instead offers only overly rational and cold solutions.",
이성,"reason, rationality","理 (이: reason, principle) + 性 (성: nature, character)",Noun,"누군가 위로를 바라고 슬픈 이야기를 했는데, 상대방이 공감해 주지 않고 너무 이성적이고 차갑게 해결책만 제시할 때 쓰는 핀잔입니다.","It's a reprimand used when someone tells a sad story hoping for comfort, but the other person doesn't empathize and instead offers only overly rational and cold solutions.",
해결책,"solution, resolution","解 (해: untie, solve) + 決 (결: decide, resolve) + 策 (책: plan, scheme, measure)",Noun,"누군가 위로를 바라고 슬픈 이야기를 했는데, 상대방이 공감해 주지 않고 너무 이성적이고 차갑게 해결책만 제시할 때 쓰는 핀잔입니다.","It's a reprimand used when someone tells a sad story hoping for comfort, but the other person doesn't empathize and instead offers only overly rational and cold solutions.",
제시,"presentation, suggestion","提 (제: lift, propose) + 示 (시: show, indicate)",Noun,"누군가 위로를 바라고 슬픈 이야기를 했는데, 상대방이 공감해 주지 않고 너무 이성적이고 차갑게 해결책만 제시할 때 쓰는 핀잔입니다.","It's a reprimand used when someone tells a sad story hoping for comfort, but the other person doesn't empathize and instead offers only overly rational and cold solutions.",
쓰다,to use,Pure Korean,Verb,"누군가 위로를 바라고 슬픈 이야기를 했는데, 상대방이 공감해 주지 않고 너무 이성적이고 차갑게 해결책만 제시할 때 쓰는 핀잔입니다.","It's a reprimand used when someone tells a sad story hoping for comfort, but the other person doesn't empathize and instead offers only overly rational and cold solutions.",
핀잔,"reprimand, scolding",Pure Korean,Noun,"누군가 위로를 바라고 슬픈 이야기를 했는데, 상대방이 공감해 주지 않고 너무 이성적이고 차갑게 해결책만 제시할 때 쓰는 핀잔입니다.","It's a reprimand used when someone tells a sad story hoping for comfort, but the other person doesn't empathize and instead offers only overly rational and cold solutions.",
반대,"opposite, contrary","反 (반: oppose, contrary) + 對 (대: face, confront)",Noun,"반대로 친구들과 여행을 갈 때 분 단위로 엑셀 계획표를 짜오는 친구에게는 ""너 완전 파워 J(계획형)구나!""라며 감탄하기도 합니다.","Conversely, when traveling with friends, they might exclaim with admiration to a friend who creates an Excel itinerary planned down to the minute, 'You're totally a power J (planner type)!'",
친구,friend,Pure Korean,Noun,"반대로 친구들과 여행을 갈 때 분 단위로 엑셀 계획표를 짜오는 친구에게는 ""너 완전 파워 J(계획형)구나!""라며 감탄하기도 합니다.","Conversely, when traveling with friends, they might exclaim with admiration to a friend who creates an Excel itinerary planned down to the minute, 'You're totally a power J (planner type)!'",
여행,"trip, travel","旅 (려/여: travel, journey) + 行 (행: go, travel)",Noun,"반대로 친구들과 여행을 갈 때 분 단위로 엑셀 계획표를 짜오는 친구에게는 ""너 완전 파워 J(계획형)구나!""라며 감탄하기도 합니다.","Conversely, when traveling with friends, they might exclaim with admiration to a friend who creates an Excel itinerary planned down to the minute, 'You're totally a power J (planner type)!'",
분,minute (of time),"分 (분: divide, part, minute)",Noun,"반대로 친구들과 여행을 갈 때 분 단위로 엑셀 계획표를 짜오는 친구에게는 ""너 완전 파워 J(계획형)구나!""라며 감탄하기도 합니다.","Conversely, when traveling with friends, they might exclaim with admiration to a friend who creates an Excel itinerary planned down to the minute, 'You're totally a power J (planner type)!'",
단위,unit,"單 (단: single, simple) + 位 (위: position, rank, unit)",Noun,"반대로 친구들과 여행을 갈 때 분 단위로 엑셀 계획표를 짜오는 친구에게는 ""너 완전 파워 J(계획형)구나!""라며 감탄하기도 합니다.","Conversely, when traveling with friends, they might exclaim with admiration to a friend who creates an Excel itinerary planned down to the minute, 'You're totally a power J (planner type)!'",
엑셀,Excel,Loanword from English,Noun,"반대로 친구들과 여행을 갈 때 분 단위로 엑셀 계획표를 짜오는 친구에게는 ""너 완전 파워 J(계획형)구나!""라며 감탄하기도 합니다.","Conversely, when traveling with friends, they might exclaim with admiration to a friend who creates an Excel itinerary planned down to the minute, 'You're totally a power J (planner type)!'",
계획표,"plan, itinerary, schedule","計 (계: calculate, plan) + 劃 (획: draw, delimit, plan) + 表 (표: table, chart, list)",Noun,"반대로 친구들과 여행을 갈 때 분 단위로 엑셀 계획표를 짜오는 친구에게는 ""너 완전 파워 J(계획형)구나!""라며 감탄하기도 합니다.","Conversely, when traveling with friends, they might exclaim with admiration to a friend who creates an Excel itinerary planned down to the minute, 'You're totally a power J (planner type)!'",
짜다,"to make, to create, to draw up (a plan)",Pure Korean,Verb,"반대로 친구들과 여행을 갈 때 분 단위로 엑셀 계획표를 짜오는 친구에게는 ""너 완전 파워 J(계획형)구나!""라며 감탄하기도 합니다.","Conversely, when traveling with friends, they might exclaim with admiration to a friend who creates an Excel itinerary planned down to the minute, 'You're totally a power J (planner type)!'",
완전,"completely, totally","完 (완: complete, finish) + 全 (전: all, whole)",Adverb,"반대로 친구들과 여행을 갈 때 분 단위로 엑셀 계획표를 짜오는 친구에게는 ""너 완전 파워 J(계획형)구나!""라며 감탄하기도 합니다.","Conversely, when traveling with friends, they might exclaim with admiration to a friend who creates an Excel itinerary planned down to the minute, 'You're totally a power J (planner type)!'",
파워,power,Loanword from English,Noun,"반대로 친구들과 여행을 갈 때 분 단위로 엑셀 계획표를 짜오는 친구에게는 ""너 완전 파워 J(계획형)구나!""라며 감탄하기도 합니다.","Conversely, when traveling with friends, they might exclaim with admiration to a friend who creates an Excel itinerary planned down to the minute, 'You're totally a power J (planner type)!'",
계획,"plan, scheme","計 (계: calculate, plan) + 劃 (획: draw, delimit, plan)",Noun,"반대로 친구들과 여행을 갈 때 분 단위로 엑셀 계획표를 짜오는 친구에게는 ""너 완전 파워 J(계획형)구나!""라며 감탄하기도 합니다.","Conversely, when traveling with friends, they might exclaim with admiration to a friend who creates an Excel itinerary planned down to the minute, 'You're totally a power J (planner type)!'",
감탄,"admiration, exclamation of wonder","感 (감: feel, sense) + 歎 (탄: sigh, admire, exclaim)",Noun,"반대로 친구들과 여행을 갈 때 분 단위로 엑셀 계획표를 짜오는 친구에게는 ""너 완전 파워 J(계획형)구나!""라며 감탄하기도 합니다.","Conversely, when traveling with friends, they might exclaim with admiration to a friend who creates an Excel itinerary planned down to the minute, 'You're totally a power J (planner type)!'",
왜,why,Pure Korean,Adverb,그렇다면 왜 유독 한국인들은 이렇게 MBTI에 열광하고 과몰입하는 걸까요?,"If that's the case, why do Koreans, in particular, get so enthusiastic and overly immersed in MBTI?",
유독,"especially, uniquely","唯 (유: only, merely) + 獨 (독: alone, single)",Adverb,그렇다면 왜 유독 한국인들은 이렇게 MBTI에 열광하고 과몰입하는 걸까요?,"If that's the case, why do Koreans, in particular, get so enthusiastic and overly immersed in MBTI?",
한국인,Korean (person),韓 (한: Korea) + 國 (국: country) + 人 (인: person),Noun,그렇다면 왜 유독 한국인들은 이렇게 MBTI에 열광하고 과몰입하는 걸까요?,"If that's the case, why do Koreans, in particular, get so enthusiastic and overly immersed in MBTI?",
열광,"enthusiasm, frenzy","熱 (열: hot, fever) + 狂 (광: mad, wild)",Noun,그렇다면 왜 유독 한국인들은 이렇게 MBTI에 열광하고 과몰입하는 걸까요?,"If that's the case, why do Koreans, in particular, get so enthusiastic and overly immersed in MBTI?",
몰입,"immersion, deep involvement","沒 (몰: sink, disappear, immerse) + 入 (입: enter)",Noun,그렇다면 왜 유독 한국인들은 이렇게 MBTI에 열광하고 과몰입하는 걸까요?,"If that's the case, why do Koreans, in particular, get so enthusiastic and overly immersed in MBTI?",
거,thing,Pure Korean,Noun,그렇다면 왜 유독 한국인들은 이렇게 MBTI에 열광하고 과몰입하는 걸까요?,"If that's the case, why are Koreans uniquely so enthusiastic and overly immersed in MBTI?",
심리학자,psychologist,"心 (심: heart, mind) + 理 (리: reason, principle) + 學 (학: learn, study) + 者 (자: person, expert)",Noun,많은 심리학자와 사회학자들은 이것이 한국 특유의 '빨리빨리' 문화와 극심한 경쟁 사회의 단면을 보여준다고 분석합니다.,Many psychologists and sociologists analyze that this shows a cross-section of Korea's unique 'ppalli-ppalli' culture and intensely competitive society.,
사회학자,sociologist,"社 (사: society, company) + 會 (회: gather, meet) + 學 (학: learn, study) + 者 (자: person, expert)",Noun,많은 심리학자와 사회학자들은 이것이 한국 특유의 '빨리빨리' 문화와 극심한 경쟁 사회의 단면을 보여준다고 분석합니다.,Many psychologists and sociologists analyze that this shows a cross-section of Korea's unique 'ppalli-ppalli' culture and intensely competitive society.,
특유,unique,"特 (특: special, unique) + 有 (유: have, possess)",Noun,많은 심리학자와 사회학자들은 이것이 한국 특유의 '빨리빨리' 문화와 극심한 경쟁 사회의 단면을 보여준다고 분석합니다.,Many psychologists and sociologists analyze that this shows a cross-section of Korea's unique 'ppalli-ppalli' culture and intensely competitive society.,
빨리빨리,"quickly, hurry-hurry",Pure Korean,Adverb,많은 심리학자와 사회학자들은 이것이 한국 특유의 '빨리빨리' 문화와 극심한 경쟁 사회의 단면을 보여준다고 분석합니다.,Many psychologists and sociologists analyze that this shows a cross-section of Korea's unique 'ppalli-ppalli' culture and intensely competitive society.,
문화,culture,"文 (문: culture, writing) + 化 (화: change, transform)",Noun,많은 심리학자와 사회학자들은 이것이 한국 특유의 '빨리빨리' 문화와 극심한 경쟁 사회의 단면을 보여준다고 분석합니다.,Many psychologists and sociologists analyze that this shows a cross-section of Korea's unique 'ppalli-ppalli' culture and intensely competitive society.,
경쟁,competition,"競 (경: contend, compete) + 爭 (쟁: contend, fight)",Noun,많은 심리학자와 사회학자들은 이것이 한국 특유의 '빨리빨리' 문화와 극심한 경쟁 사회의 단면을 보여준다고 분석합니다.,Many psychologists and sociologists analyze that this shows a cross-section of Korea's unique 'ppalli-ppalli' culture and intensely competitive society.,
단면,"cross-section, aspect","斷 (단: cut, sever) + 面 (면: face, surface)",Noun,많은 심리학자와 사회학자들은 이것이 한국 특유의 '빨리빨리' 문화와 극심한 경쟁 사회의 단면을 보여준다고 분석합니다.,Many psychologists and sociologists analyze that this shows a cross-section of Korea's unique 'ppalli-ppalli' culture and intensely competitive society.,
보이다,"to show, to be seen",Pure Korean,Verb,많은 심리학자와 사회학자들은 이것이 한국 특유의 '빨리빨리' 문화와 극심한 경쟁 사회의 단면을 보여준다고 분석합니다.,Many psychologists and sociologists analyze that this shows a cross-section of Korea's unique 'ppalli-ppalli' culture and intensely competitive society.,
바쁘다,to be busy,Pure Korean,Adjective,"바쁘고 피곤한 현대 사회에서, 타인을 오랜 시간 공들여 파악할 여유가 없기 때문입니다.","This is because in busy and tiring modern society, there is no time to painstakingly understand others.",
피곤,"fatigue, tiredness","疲 (피: tired, weary) + 困 (곤: distress, difficulty)",Noun,"바쁘고 피곤한 현대 사회에서, 타인을 오랜 시간 공들여 파악할 여유가 없기 때문입니다.","This is because in busy and tiring modern society, there is no time to painstakingly understand others.",
현대,"modern times, present age","現 (현: present, appear) + 代 (대: generation, era)",Noun,"바쁘고 피곤한 현대 사회에서, 타인을 오랜 시간 공들여 파악할 여유가 없기 때문입니다.","This is because in busy and tiring modern society, there is no time to painstakingly understand others.",
타인,"others, other people",他 (타: other) + 人 (인: person),Noun,"바쁘고 피곤한 현대 사회에서, 타인을 오랜 시간 공들여 파악할 여유가 없기 때문입니다.","This is because in busy and tiring modern society, there is no time to painstakingly understand others.",
시간,time,"時 (시: time, hour) + 間 (간: between, interval)",Noun,"바쁘고 피곤한 현대 사회에서, 타인을 오랜 시간 공들여 파악할 여유가 없기 때문입니다.","This is because in busy and tiring modern society, there is no time to painstakingly understand others.",
공들이다,"to put effort into, to painstakingly work on",Pure Korean,Verb,"바쁘고 피곤한 현대 사회에서, 타인을 오랜 시간 공들여 파악할 여유가 없기 때문입니다.","This is because in busy and tiring modern society, there is no time to painstakingly understand others.",
파악,"understanding, grasp","把 (파: grasp, hold) + 握 (악: grasp, hold)",Noun,"바쁘고 피곤한 현대 사회에서, 타인을 오랜 시간 공들여 파악할 여유가 없기 때문입니다.","This is because in busy and tiring modern society, there is no time to painstakingly understand others.",
여유,"leisure, spare time, room (to do something)","餘 (여: surplus, leftover) + 裕 (유: ample, affluent)",Noun,"바쁘고 피곤한 현대 사회에서, 타인을 오랜 시간 공들여 파악할 여유가 없기 때문입니다.","This is because in busy and tiring modern society, there is no time to painstakingly understand others.",
없다,"to not exist, to not have",Pure Korean,Adjective,"바쁘고 피곤한 현대 사회에서, 타인을 오랜 시간 공들여 파악할 여유가 없기 때문입니다.","This is because in busy and tiring modern society, there is no time to painstakingly understand others.",
때문,"reason, cause",Pure Korean,Noun,"바쁘고 피곤한 현대 사회에서, 타인을 오랜 시간 공들여 파악할 여유가 없기 때문입니다.","This is because in busy and tiring modern society, there is no time to painstakingly understand others.",
그래서,"so, therefore",Pure Korean,Adverb,그래서 16개의 정해진 카테고리 속에 사람을 집어넣고 빠르고 효율적으로 상대방을 예측하고 싶어 한다는 것입니다.,That is why they want to categorize people into 16 predefined categories and quickly and efficiently predict others.,
정하다,"to decide, to set, to define",Pure Korean,Verb,그래서 16개의 정해진 카테고리 속에 사람을 집어넣고 빠르고 효율적으로 상대방을 예측하고 싶어 한다는 것입니다.,That is why they want to categorize people into 16 predefined categories and quickly and efficiently predict others.,
카테고리,category,Pure Korean,Noun,그래서 16개의 정해진 카테고리 속에 사람을 집어넣고 빠르고 효율적으로 상대방을 예측하고 싶어 한다는 것입니다.,That is why they want to categorize people into 16 predefined categories and quickly and efficiently predict others.,
집어넣다,"to put in, to shove in, to categorize",Pure Korean,Verb,그래서 16개의 정해진 카테고리 속에 사람을 집어넣고 빠르고 효율적으로 상대방을 예측하고 싶어 한다는 것입니다.,That is why they want to categorize people into 16 predefined categories and quickly and efficiently predict others.,
빠르다,"to be fast, to be quick",Pure Korean,Adjective,그래서 16개의 정해진 카테고리 속에 사람을 집어넣고 빠르고 효율적으로 상대방을 예측하고 싶어 한다는 것입니다.,That is why they want to categorize people into 16 predefined categories and quickly and efficiently predict others.,
효율,efficiency,"效 (효: effect, efficiency) + 率 (율: rate, ratio)",Noun,그래서 16개의 정해진 카테고리 속에 사람을 집어넣고 빠르고 효율적으로 상대방을 예측하고 싶어 한다는 것입니다.,That is why they want to categorize people into 16 predefined categories and quickly and efficiently predict others.,
예측,prediction,"豫 (예: beforehand, previously) + 測 (측: measure, conjecture)",Noun,그래서 16개의 정해진 카테고리 속에 사람을 집어넣고 빠르고 효율적으로 상대방을 예측하고 싶어 한다는 것입니다.,That is why they want to categorize people into 16 predefined categories and quickly and efficiently predict others.,
또한,"also, furthermore, in addition",Pure Korean,Adverb,"또한, 소속감을 중요하게 생각하는 한국 문화의 특성상 ""나와 같은 유형의 사람들이 이렇게 많구나""라는 사실에서 심리적 안정감을 얻기도 합니다.","Furthermore, due to the characteristic of Korean culture that highly values a sense of belonging, people also gain psychological stability from the fact that 'there are so many people of my type'.",
소속감,sense of belonging,"所 (소: place, that which) + 屬 (속: belong to) + 感 (감: feeling, sense)",Noun,"또한, 소속감을 중요하게 생각하는 한국 문화의 특성상 ""나와 같은 유형의 사람들이 이렇게 많구나""라는 사실에서 심리적 안정감을 얻기도 합니다.","Furthermore, due to the characteristic of Korean culture that highly values a sense of belonging, people also gain psychological stability from the fact that 'there are so many people of my type'.",
중요,importance,"重 (중: heavy, important) + 要 (요: essential, need)",Noun,"또한, 소속감을 중요하게 생각하는 한국 문화의 특성상 ""나와 같은 유형의 사람들이 이렇게 많구나""라는 사실에서 심리적 안정감을 얻기도 합니다.","Furthermore, due to the characteristic of Korean culture that highly values a sense of belonging, people also gain psychological stability from the fact that 'there are so many people of my type'.",
생각,"thought, idea, consideration",Pure Korean,Noun,"또한, 소속감을 중요하게 생각하는 한국 문화의 특성상 ""나와 같은 유형의 사람들이 이렇게 많구나""라는 사실에서 심리적 안정감을 얻기도 합니다.","Furthermore, due to the characteristic of Korean culture that highly values a sense of belonging, people also gain psychological stability from the fact that 'there are so many people of my type'.",
특성,characteristic,"特 (특: special, unique) + 性 (성: nature, character)",Noun,"또한, 소속감을 중요하게 생각하는 한국 문화의 특성상 ""나와 같은 유형의 사람들이 이렇게 많구나""라는 사실에서 심리적 안정감을 얻기도 합니다.","Also, given the characteristic of Korean culture that highly values a sense of belonging, people sometimes gain psychological stability from the fact that 'there are so many people of the same type as me'.",
나,I,Pure Korean,Noun,"또한, 소속감을 중요하게 생각하는 한국 문화의 특성상 ""나와 같은 유형의 사람들이 이렇게 많구나""라는 사실에서 심리적 안정감을 얻기도 합니다.","Also, given the characteristic of Korean culture that highly values a sense of belonging, people sometimes gain psychological stability from the fact that 'there are so many people of the same type as me'.",
사실,fact,"事 (사: matter, affair) + 實 (실: truth, reality)",Noun,"또한, 소속감을 중요하게 생각하는 한국 문화의 특성상 ""나와 같은 유형의 사람들이 이렇게 많구나""라는 사실에서 심리적 안정감을 얻기도 합니다.","Also, given the characteristic of Korean culture that highly values a sense of belonging, people sometimes gain psychological stability from the fact that 'there are so many people of the same type as me'.",
안정감,sense of stability,"安 (안: peace, safety) + 定 (정: decide, settle) + 感 (감: feeling, sense)",Noun,"또한, 소속감을 중요하게 생각하는 한국 문화의 특성상 ""나와 같은 유형의 사람들이 이렇게 많구나""라는 사실에서 심리적 안정감을 얻기도 합니다.","Also, given the characteristic of Korean culture that highly values a sense of belonging, people sometimes gain psychological stability from the fact that 'there are so many people of the same type as me'.",
물론,of course,"勿 (물: not, do not) + 論 (론: discuss, argue)",Adverb,물론 80억 인구의 다채롭고 복잡한 성격을 고작 16개의 상자에 완벽하게 나누어 담을 수는 없습니다.,"Of course, it is impossible to perfectly divide and contain the diverse and complex personalities of 8 billion people into just 16 boxes.",
인구,population,人 (인: person) + 口 (구: mouth),Noun,물론 80억 인구의 다채롭고 복잡한 성격을 고작 16개의 상자에 완벽하게 나누어 담을 수는 없습니다.,"Of course, it is impossible to perfectly divide and contain the diverse and complex personalities of 8 billion people into just 16 boxes.",
고작,merely,Pure Korean,Adverb,물론 80억 인구의 다채롭고 복잡한 성격을 고작 16개의 상자에 완벽하게 나누어 담을 수는 없습니다.,"Of course, it is impossible to perfectly divide and contain the diverse and complex personalities of 8 billion people into just 16 boxes.",
상자,box,Pure Korean,Noun,물론 80억 인구의 다채롭고 복잡한 성격을 고작 16개의 상자에 완벽하게 나누어 담을 수는 없습니다.,"Of course, it is impossible to perfectly divide and contain the diverse and complex personalities of 8 billion people into just 16 boxes.",
담다,to contain,Pure Korean,Verb,물론 80억 인구의 다채롭고 복잡한 성격을 고작 16개의 상자에 완벽하게 나누어 담을 수는 없습니다.,"Of course, it is impossible to perfectly divide and contain the diverse and complex personalities of 8 billion people into just 16 boxes.",
어제,yesterday,Pure Korean,Noun,"어제의 나와 오늘의 내가 다르듯, 인간은 상황에 따라 끊임없이 변하는 존재니까요.","Just as the 'me' of yesterday is different from the 'me' of today, humans are beings that constantly change depending on the situation.",
오늘,today,Pure Korean,Noun,"어제의 나와 오늘의 내가 다르듯, 인간은 상황에 따라 끊임없이 변하는 존재니까요.","Just as the 'me' of yesterday is different from the 'me' of today, humans are beings that constantly change depending on the situation.",
다르다,to be different,Pure Korean,Adjective,"어제의 나와 오늘의 내가 다르듯, 인간은 상황에 따라 끊임없이 변하는 존재니까요.","Just as the 'me' of yesterday is different from the 'me' of today, humans are beings that constantly change depending on the situation.",
인간,human,"人 (인: person) + 間 (간: between, space; also refers to human world/humanity)",Noun,"어제의 나와 오늘의 내가 다르듯, 인간은 상황에 따라 끊임없이 변하는 존재니까요.","Just as the 'me' of yesterday is different from the 'me' of today, humans are beings that constantly change depending on the situation.",
상황,situation,"狀 (상: form, state) + 況 (황: condition, situation)",Noun,"어제의 나와 오늘의 내가 다르듯, 인간은 상황에 따라 끊임없이 변하는 존재니까요.","Just as the 'me' of yesterday is different from the 'me' of today, humans are beings that constantly change depending on the situation.",
따르다,to depend on,Pure Korean,Verb,"어제의 나와 오늘의 내가 다르듯, 인간은 상황에 따라 끊임없이 변하는 존재니까요.","Just as the 'me' of yesterday is different from the 'me' of today, humans are beings that constantly change depending on the situation.",
끊임없이,constantly,Pure Korean,Adverb,"어제의 나와 오늘의 내가 다르듯, 인간은 상황에 따라 끊임없이 변하는 존재니까요.","Just as the 'me' of yesterday is different from the 'me' of today, humans are beings that constantly change depending on the situation.",
변하다,to change,"變 (변: change, alter) + 하다 (native verb-forming suffix)",Verb,"어제의 나와 오늘의 내가 다르듯, 인간은 상황에 따라 끊임없이 변하는 존재니까요.","Just as the 'me' of yesterday is different from the 'me' of today, humans are beings that constantly change depending on the situation.",
존재,being,"存 (존: exist, preserve) + 在 (재: exist, be)",Noun,"어제의 나와 오늘의 내가 다르듯, 인간은 상황에 따라 끊임없이 변하는 존재니까요.","Just as the 'me' of yesterday is different from the 'me' of today, humans are beings that constantly change depending on the situation.",
맹신,blind faith,"盲 (맹: blind) + 信 (신: trust, believe)",Noun,MBTI를 맹신하여 타인에게 선입견을 갖는 것은 분명 경계해야 할 태도입니다.,Having prejudice against others by blindly believing in MBTI is certainly an attitude to be wary of.,
선입견,prejudice,"先 (선: first, before) + 入 (입: enter, put in) + 見 (견: see, view)",Noun,MBTI를 맹신하여 타인에게 선입견을 갖는 것은 분명 경계해야 할 태도입니다.,Having prejudice against others by blindly believing in MBTI is certainly an attitude to be wary of.,
갖다,to have,Pure Korean,Verb,MBTI를 맹신하여 타인에게 선입견을 갖는 것은 분명 경계해야 할 태도입니다.,Having prejudice against others by blindly believing in MBTI is certainly an attitude to be wary of.,
분명,certainly,"分 (분: divide, separate) + 明 (명: bright, clear)",Adverb,MBTI를 맹신하여 타인에게 선입견을 갖는 것은 분명 경계해야 할 태도입니다.,Having prejudice against others by blindly believing in MBTI is certainly an attitude to be wary of.,
경계,caution,"警 (경: warn, alert) + 戒 (계: warn, guard)",Noun,MBTI를 맹신하여 타인에게 선입견을 갖는 것은 분명 경계해야 할 태도입니다.,Having prejudice against others by blindly believing in MBTI is certainly an attitude to be wary of.,
태도,attitude,"態 (태: attitude, form) + 度 (도: degree, standard)",Noun,MBTI를 맹신하여 타인에게 선입견을 갖는 것은 분명 경계해야 할 태도입니다.,Having prejudice against others by blindly believing in MBTI is certainly an attitude to be wary of.,
인정,acknowledgment,"認 (인: recognize, admit) + 定 (정: decide, settle)",Noun,"하지만, 나와 타인이 '다르다'는 것을 인정하고 그 차이를 긍정적으로 이해하려는 도구로 사용한다면, MBTI는 오늘날 한국 사회에서 가장 유쾌하고 흥미로운 소통의 매개체임이 틀림없습니다.","However, if MBTI is used as a tool to acknowledge that 'I' and 'others' are different and to positively understand that difference, then it is undoubtedly the most pleasant and interesting medium of communication in Korean society today.",
차이,difference,"差 (차: difference, discrepancy) + 異 (이: different, unusual)",Noun,"하지만, 나와 타인이 '다르다'는 것을 인정하고 그 차이를 긍정적으로 이해하려는 도구로 사용한다면, MBTI는 오늘날 한국 사회에서 가장 유쾌하고 흥미로운 소통의 매개체임이 틀림없습니다.","However, if MBTI is used as a tool to acknowledge that 'I' and 'others' are different and to positively understand that difference, then it is undoubtedly the most pleasant and interesting medium of communication in Korean society today.",
긍정,positivity,"肯 (긍: agree, consent) + 定 (정: decide, settle)",Noun,"하지만, 나와 타인이 '다르다'는 것을 인정하고 그 차이를 긍정적으로 이해하려는 도구로 사용한다면, MBTI는 오늘날 한국 사회에서 가장 유쾌하고 흥미로운 소통의 매개체임이 틀림없습니다.","However, if MBTI is used as a tool to acknowledge that 'I' and 'others' are different and to positively understand that difference, then it is undoubtedly the most pleasant and interesting medium of communication in Korean society today.",
이해,understanding,"理 (리: reason, principle) + 解 (해: untie, explain, understand)",Noun,"하지만, 나와 타인이 '다르다'는 것을 인정하고 그 차이를 긍정적으로 이해하려는 도구로 사용한다면, MBTI는 오늘날 한국 사회에서 가장 유쾌하고 흥미로운 소통의 매개체임이 틀림없습니다.","However, if MBTI is used as a tool to acknowledge that 'I' and 'others' are different and to positively understand that difference, then it is undoubtedly the most pleasant and interesting medium of communication in Korean society today.",
도구,tool,"道 (도: path, way) + 具 (구: implement, tool)",Noun,"하지만, 나와 타인이 '다르다'는 것을 인정하고 그 차이를 긍정적으로 이해하려는 도구로 사용한다면, MBTI는 오늘날 한국 사회에서 가장 유쾌하고 흥미로운 소통의 매개체임이 틀림없습니다.","However, if MBTI is used as a tool to acknowledge that 'I' and 'others' are different and to positively understand that difference, then it is undoubtedly the most pleasant and interesting medium of communication in Korean society today.",
사용,use,"使 (사: use, employ) + 用 (용: use, apply)",Noun,"하지만, 나와 타인이 '다르다'는 것을 인정하고 그 차이를 긍정적으로 이해하려는 도구로 사용한다면, MBTI는 오늘날 한국 사회에서 가장 유쾌하고 흥미로운 소통의 매개체임이 틀림없습니다.","However, if MBTI is used as a tool to acknowledge that 'I' and 'others' are different and to positively understand that difference, then it is undoubtedly the most pleasant and interesting medium of communication in Korean society today.",
오늘날,today,Pure Korean,Noun,"하지만, 나와 타인이 '다르다'는 것을 인정하고 그 차이를 긍정적으로 이해하려는 도구로 사용한다면, MBTI는 오늘날 한국 사회에서 가장 유쾌하고 흥미로운 소통의 매개체임이 틀림없습니다.","However, if used as a tool to acknowledge that 'I am different' from others and to positively understand that difference, MBTI is undoubtedly the most pleasant and interesting medium of communication in Korean society today.",
흥미,interest,"興 (흥: rise, exhilaration) + 味 (미: taste, flavor, interest)",Noun,"하지만, 나와 타인이 '다르다'는 것을 인정하고 그 차이를 긍정적으로 이해하려는 도구로 사용한다면, MBTI는 오늘날 한국 사회에서 가장 유쾌하고 흥미로운 소통의 매개체임이 틀림없습니다.","However, if used as a tool to acknowledge that 'I am different' from others and to positively understand that difference, MBTI is undoubtedly the most pleasant and interesting medium of communication in Korean society today.",
소통,communication,"疏 (소: clear, open up) + 通 (통: pass through, communicate)",Noun,"하지만, 나와 타인이 '다르다'는 것을 인정하고 그 차이를 긍정적으로 이해하려는 도구로 사용한다면, MBTI는 오늘날 한국 사회에서 가장 유쾌하고 흥미로운 소통의 매개체임이 틀림없습니다.","However, if used as a tool to acknowledge that 'I am different' from others and to positively understand that difference, MBTI is undoubtedly the most pleasant and interesting medium of communication in Korean society today.",
매개체,medium,"媒 (매: go-between, mediator) + 介 (개: intermediate, between) + 體 (체: body, substance, object)",Noun,"하지만, 나와 타인이 '다르다'는 것을 인정하고 그 차이를 긍정적으로 이해하려는 도구로 사용한다면, MBTI는 오늘날 한국 사회에서 가장 유쾌하고 흥미로운 소통의 매개체임이 틀림없습니다.","However, if used as a tool to acknowledge that 'I am different' from others and to positively understand that difference, MBTI is undoubtedly the most pleasant and interesting medium of communication in Korean society today.",
틀림없다,to be certain,Pure Korean,Adjective,"하지만, 나와 타인이 '다르다'는 것을 인정하고 그 차이를 긍정적으로 이해하려는 도구로 사용한다면, MBTI는 오늘날 한국 사회에서 가장 유쾌하고 흥미로운 소통의 매개체임이 틀림없습니다.","However, if used as a tool to acknowledge that 'I am different' from others and to positively understand that difference, MBTI is undoubtedly the most pleasant and interesting medium of communication in Korean society today.",
