Korean,Part of Speech,Example Sentence,English,Sentence Translation
젊다,Adjective,"에너지 소모가 큰 술자리나 사교 모임 대신, 생산적이면서도 연결감을 원하는 젊은 세대의 새로운 사회적 모임 방식으로 자리 잡았다.",,
참여,Noun,모임에 참여한 이들은 보고 싶은 친구와 시간을 보내면서 밀린 일까지 처리할 수 있다는 점을 가장 큰 매력으로 꼽는다.,,
매력,Noun,모임에 참여한 이들은 보고 싶은 친구와 시간을 보내면서 밀린 일까지 처리할 수 있다는 점을 가장 큰 매력으로 꼽는다.,,
실제로,Adverb,함께 모여 각자 일을 하는 어드민 나이트는 실제로 효율이 있을까.,,
효율,Noun,함께 모여 각자 일을 하는 어드민 나이트는 실제로 효율이 있을까.,,
집중,Noun,신기하게도 혼자라면 계속 미루던 일도 다른 사람들과 함께 있는 환경에서는 집중하게 되는 경우가 많다.,,
배경,Noun,이 현상의 배경에는 심리학 개념인 ‘바디 더블링(Body Doubling)’ 효과가 있다.,,
심리학,Noun,이 현상의 배경에는 심리학 개념인 ‘바디 더블링(Body Doubling)’ 효과가 있다.,,
개념,Noun,이 현상의 배경에는 심리학 개념인 ‘바디 더블링(Body Doubling)’ 효과가 있다.,,
