Korean,English,Etymology,Part of Speech,Example Sentence,Sentence Translation
문제가 생기다,A problem arises/occurs,문제 (problem) + 생기다 (to arise/come into existence),Phrase,"어느 날, 숲속에 큰 문제가 생겼어요.","One day, a big problem occurred in the forest."
힘을 합치다,To join forces / To pool strength,힘 (strength/power) + 합치다 (to combine/unite),Phrase,요정들은 모두 힘을 합쳐 숲을 구할 방법을 찾기로 했어요.,All the fairies decided to join forces to find a way to save the forest.
아이디어를 내다,To come up with an idea / To suggest an idea,아이디어 (idea) + 내다 (to put out/produce),Phrase,한 요정이 아이디어를 냈어요.,One fairy came up with an idea.
여행을 시작하다,To start a journey/trip,여행 (journey/trip) + 시작하다 (to begin/start),Phrase,그래서 요정들은 숲의 정령을 찾아 긴 여행을 시작했어요.,So the fairies started a long journey to find the forest spirit.
길을 안내하다,To guide the way / To show the way,길 (road/way) + 안내하다 (to guide/inform),Phrase,"다람쥐는 요정들에게 맛있는 열매를 주었고, 토끼는 길을 안내해 주었어요.","The squirrel gave the fairies delicious berries, and the rabbit guided the way."
도움을 받다,To receive help / To get help,도움 (help/aid) + 받다 (to receive/get),Phrase,요정들은 동물들의 도움을 받아 숲의 정령이 있는 곳으로 점점 더 가까이 갔어요.,"With the help of the animals, the fairies gradually got closer to where the forest spirit was."
깊은 한숨을 쉬다,To sigh deeply,깊은 (deep) + 한숨 (a sigh) + 쉬다 (to rest/take a breath),Phrase,숲의 정령은 깊은 한숨을 쉬며 말했어요.,The forest spirit sighed deeply and spoke.
마음이 아프다,To feel heartbroken / To be pained (emotionally),마음 (heart/mind) + 아프다 (to hurt/be sick),Phrase,요정들은 정령의 이야기를 듣고 마음이 아팠어요.,The fairies felt heartbroken after hearing the spirit's story.
걱정 마세요,Don't worry,걱정 (worry/concern) + 말다 (to stop/cease doing) + ~세요 (honorific imperative ending),Phrase,"“정령님, 걱정 마세요.","“Spirit, don't worry."
깨끗하게 청소하다,To clean thoroughly / To clean cleanly,깨끗하다 (to be clean) + ~게 (adverbial suffix) + 청소하다 (to clean),Phrase,그리고 저희도 숲을 깨끗하게 청소할 거예요.,And we will clean the forest thoroughly too.
~기로 결심하다,To decide to do (something),~기로 (suffix for decision/plan) + 결심 (decision/resolution) + 하다 (to do),Phrase,요정들은 모두 힘을 합쳐 숲을 다시 건강하게 만들기로 결심했어요.,All the fairies decided to join forces and make the forest healthy again.
웃음을 되찾다,To regain a smile / To find laughter again,웃음 (smile/laughter) + 되찾다 (to get back/regain),Phrase,숲의 정령도 다시 웃음을 되찾았어요.,The forest spirit also regained its smile.
계획을 세우다,To make a plan / To set up a plan,계획 (plan) + 세우다 (to set up/establish),Phrase,그래서 요정 여왕님은 특별한 계획을 세웠어요.,So the fairy queen made a special plan.
꿈속에 나타나다,To appear in a dream,꿈속 (in a dream) + 나타나다 (to appear/show up),Phrase,요정들은 밤에 사람들의 꿈속에 나타나 숲의 아름다움을 보여주기로 했어요.,"At night, the fairies decided to appear in people's dreams to show them the beauty of the forest."
꿈에서 깨어나다,To wake up from a dream,꿈 (dream) + ~에서 (from) + 깨어나다 (to wake up),Phrase,꿈에서 깨어난 사람들은 숲을 보호해야겠다는 생각을 하게 되었어요.,People who woke up from their dreams began to think that they should protect the forest.
정성껏 돌보다,To care for wholeheartedly / To look after sincerely,정성껏 (with utmost sincerity/care) + 돌보다 (to care for/look after),Phrase,소녀는 아기 새를 집으로 데려가 정성껏 돌봐주었어요.,The girl took the baby bird home and cared for it wholeheartedly.
선물을 주다,To give a gift,선물 (gift/present) + 주다 (to give),Phrase,요정 여왕님은 소녀에게 특별한 선물을 주기로 했어요.,The fairy queen decided to give a special gift to the girl.
씨앗을 심다,To plant a seed,씨앗 (seed) + 심다 (to plant),Phrase,"이 씨앗을 심으면, 숲을 치유하는 꽃이 필 거예요.","If you plant this seed, a flower that heals the forest will bloom."
물을 주다,To water / To give water,물 (water) + 주다 (to give),Phrase,소녀는 매일 씨앗에 물을 주고 정성껏 돌봤어요.,"Every day, the girl watered the seed and cared for it sincerely."
소중하게 생각하다,To value highly / To cherish / To consider precious,소중하다 (to be precious/valuable) + ~게 (adverbial suffix) + 생각하다 (to think/consider),Phrase,요정들은 사람들이 숲을 더 소중하게 생각하도록 돕고 싶었어요.,The fairies wanted to help people cherish the forest more.
숲,forest,Pure Korean,Noun,숲속 친구들과 요정의 비밀,The secret of the fairies and friends in the forest.
속,inside,Pure Korean,Noun,숲속 친구들과 요정의 비밀,The secret of the fairies and friends in the forest.
친구,friend,"親 (친: close, intimate) + 舊 (구: old, former)",Noun,숲속 친구들과 요정의 비밀,The secret of the fairies and friends in the forest.
요정,fairy,"妖 (요: bewitching, mysterious) + 精 (정: spirit, essence)",Noun,숲속 친구들과 요정의 비밀,The secret of the fairies and friends in the forest.
비밀,secret,"秘 (비: hide, keep secret) + 密 (밀: dense, secretive)",Noun,숲속 친구들과 요정의 비밀,The secret of the fairies and friends in the forest.
모두,everyone,Pure Korean,Noun,모두가 모르는 숲의 이야기,The story of the forest that no one knows.
모르다,not know,Pure Korean,Verb,모두가 모르는 숲의 이야기,The story of the forest that no one knows.
이야기,story,Pure Korean,Noun,모두가 모르는 숲의 이야기,The story of the forest that no one knows.
사람,person,Pure Korean,Noun,사람들은 보통 요정이 없다고 생각해요.,People usually think that fairies don't exist.
보통,usually,"普 (보: wide, universal) + 通 (통: pass through, common)",Adverb,사람들은 보통 요정이 없다고 생각해요.,People usually think that fairies don't exist.
없다,not exist,Pure Korean,Adjective,사람들은 보통 요정이 없다고 생각해요.,People usually think that fairies don't exist.
생각,"thought, idea",Pure Korean,Noun,사람들은 보통 요정이 없다고 생각해요.,People usually think that fairies don't exist.
하지만,"but, however",Pure Korean,Adverb,하지만 정말 그럴까요?,But is that really true?
정말,"really, truly","正 (정: right, proper, true)",Adverb,하지만 정말 그럴까요?,But is that really true?
깊다,deep,Pure Korean,Adjective,깊은 숲속에는 우리 눈에 보이지 않는 작은 친구들이 살고 있어요.,"In the deep forest, small friends that are invisible to our eyes live."
눈,eye,Pure Korean,Noun,깊은 숲속에는 우리 눈에 보이지 않는 작은 친구들이 살고 있어요.,"In the deep forest, small friends that are invisible to our eyes live."
보이다,"be seen, be visible",Pure Korean,Verb,깊은 숲속에는 우리 눈에 보이지 않는 작은 친구들이 살고 있어요.,"In the deep forest, small friends that are invisible to our eyes live."
작다,small,Pure Korean,Adjective,깊은 숲속에는 우리 눈에 보이지 않는 작은 친구들이 살고 있어요.,"In the deep forest, small friends that are invisible to our eyes live."
살다,live,Pure Korean,Verb,깊은 숲속에는 우리 눈에 보이지 않는 작은 친구들이 살고 있어요.,"In the deep forest, small friends that are invisible to our eyes live."
오늘,today,Pure Korean,Noun,오늘은 그 비밀스러운 이야기에 대해 알아볼 거예요.,"Today, we are going to learn about that mysterious story."
대하다,"be about, face","對 (대: face, confront, treat)",Verb,오늘은 그 비밀스러운 이야기에 대해 알아볼 거예요.,"Today, we are going to learn about that mysterious story."
알다,"know, find out",Pure Korean,Verb,오늘은 그 비밀스러운 이야기에 대해 알아볼 거예요.,"Today, we are going to learn about that mysterious story."
거,thing,Pure Korean,Noun,오늘은 그 비밀스러운 이야기에 대해 알아볼 거예요.,"Today, we are going to learn about that mysterious story."
옛날,"old days, past",Pure Korean,Noun,"옛날 옛날 아주 먼 옛날, 커다란 숲이 있었어요.","A long, long time ago, there was a big forest."
아주,very,Pure Korean,Adverb,"옛날 옛날 아주 먼 옛날, 커다란 숲이 있었어요.","A long, long time ago, there was a big forest."
멀다,far,Pure Korean,Adjective,"옛날 옛날 아주 먼 옛날, 커다란 숲이 있었어요.","A long, long time ago, there was a big forest."
있다,"exist, have",Pure Korean,Adjective,"옛날 옛날 아주 먼 옛날, 커다란 숲이 있었어요.","A long, long time ago, there was a big forest."
다람쥐,squirrel,Pure Korean,Noun,"이 숲에는 다람쥐, 토끼, 새, 그리고 곰 같은 동물들이 살았어요.","Squirrels, rabbits, birds, and animals like bears lived in this forest."
토끼,rabbit,Pure Korean,Noun,"이 숲에는 다람쥐, 토끼, 새, 그리고 곰 같은 동물들이 살았어요.","Squirrels, rabbits, birds, and animals like bears lived in this forest."
새,bird,Pure Korean,Noun,"이 숲에는 다람쥐, 토끼, 새, 그리고 곰 같은 동물들이 살았어요.","Squirrels, rabbits, birds, and animals like bears lived in this forest."
그리고,and,Pure Korean,Adverb,"이 숲에는 다람쥐, 토끼, 새, 그리고 곰 같은 동물들이 살았어요.","Squirrels, rabbits, birds, and animals like bears lived in this forest."
곰,bear,Pure Korean,Noun,"이 숲에는 다람쥐, 토끼, 새, 그리고 곰 같은 동물들이 살았어요.","Squirrels, rabbits, birds, and animals like bears lived in this forest."
같다,to be like,Pure Korean,Adjective,"이 숲에는 다람쥐, 토끼, 새, 그리고 곰 같은 동물들이 살았어요.","Squirrels, rabbits, birds, and animals like bears lived in this forest."
동물,animal,"動物 -> 動 (동: move, act) + 物 (물: thing, object)",Noun,"이 숲에는 다람쥐, 토끼, 새, 그리고 곰 같은 동물들이 살았어요.","Squirrels, rabbits, birds, and animals like bears lived in this forest."
특별,special,"特別 -> 特 (특: special, particular) + 別 (별: separate, distinct)",Noun,하지만 이 숲에는 특별한 비밀이 하나 더 있었답니다.,"However, this forest had one more special secret."
더,more,Pure Korean,Adverb,하지만 이 숲에는 특별한 비밀이 하나 더 있었답니다.,"However, this forest had one more special secret."
바로,precisely,Pure Korean,Adverb,바로 작은 요정들이 살고 있었다는 거예요.,It was precisely that tiny fairies lived there.
예쁘다,to be pretty,Pure Korean,Adjective,요정들은 아주 작고 예뻤어요.,The fairies were very small and pretty.
꽃잎,petal,Pure Korean,Noun,"꽃잎으로 만든 옷을 입고, 반짝이는 날개를 가지고 있었죠.",They wore clothes made of flower petals and had sparkling wings.
만들다,to make,Pure Korean,Verb,"꽃잎으로 만든 옷을 입고, 반짝이는 날개를 가지고 있었죠.",They wore clothes made of flower petals and had sparkling wings.
옷,clothes,Pure Korean,Noun,"꽃잎으로 만든 옷을 입고, 반짝이는 날개를 가지고 있었죠.",They wore clothes made of flower petals and had sparkling wings.
반짝이다,to sparkle,Pure Korean,Verb,"꽃잎으로 만든 옷을 입고, 반짝이는 날개를 가지고 있었죠.",They wore clothes made of flower petals and had sparkling wings.
날개,wing,Pure Korean,Noun,"꽃잎으로 만든 옷을 입고, 반짝이는 날개를 가지고 있었죠.",They wore clothes made of flower petals and had sparkling wings.
가지다,to have,Pure Korean,Verb,"꽃잎으로 만든 옷을 입고, 반짝이는 날개를 가지고 있었죠.",They wore clothes made of flower petals and had sparkling wings.
보다,to see,Pure Korean,Verb,"사람들은 요정을 볼 수 없었지만, 동물들은 요정들과 친구처럼 지냈어요.","People couldn't see the fairies, but animals got along with them like friends."
수,ability,Pure Korean,Noun,"사람들은 요정을 볼 수 없었지만, 동물들은 요정들과 친구처럼 지냈어요.","People couldn't see the fairies, but animals got along with them like friends."
지내다,to get along,Pure Korean,Verb,"사람들은 요정을 볼 수 없었지만, 동물들은 요정들과 친구처럼 지냈어요.","People couldn't see the fairies, but animals got along with them like friends."
날,day,Pure Korean,Noun,"어느 날, 숲속에 큰 문제가 생겼어요.","One day, a big problem arose in the forest."
크다,to be big,Pure Korean,Adjective,"어느 날, 숲속에 큰 문제가 생겼어요.","One day, a big problem arose in the forest."
문제,problem,"問題 -> 問 (문: ask, inquire) + 題 (제: topic, subject)",Noun,"어느 날, 숲속에 큰 문제가 생겼어요.","One day, a big problem arose in the forest."
생기다,to arise,Pure Korean,Verb,"어느 날, 숲속에 큰 문제가 생겼어요.","One day, a big problem arose in the forest."
나무,tree,Pure Korean,Noun,숲의 나무들이 점점 아프기 시작한 거예요.,The trees in the forest gradually started to get sick.
점점,gradually,Pure Korean,Adverb,숲의 나무들이 점점 아프기 시작한 거예요.,The trees in the forest gradually started to get sick.
아프다,to be sick,Pure Korean,Adjective,숲의 나무들이 점점 아프기 시작한 거예요.,The trees in the forest gradually started to get sick.
시작,start,"始作 -> 始 (시: begin, start) + 作 (작: make, do)",Noun,숲의 나무들이 점점 아프기 시작한 거예요.,The trees in the forest gradually started to get sick.
나뭇잎,leaf,Pure Korean,Noun,"나뭇잎은 노랗게 변하고, 나무는 힘이 없었어요.","The leaves turned yellow, and the trees had no strength."
변하다,to turn,"變 (변: change, alter) + 하다 (pure Korean verb suffix)",Verb,"나뭇잎은 노랗게 변하고, 나무는 힘이 없었어요.","The leaves turned yellow, and the trees had no strength."
힘,strength,Pure Korean,Noun,"나뭇잎은 노랗게 변하고, 나무는 힘이 없었어요.","The leaves turned yellow, and the trees had no strength."
걱정,worry,Pure Korean,Noun,다람쥐는 걱정하며 말했어요.,The squirrel spoke with worry.
말,speech,Pure Korean,Noun,다람쥐는 걱정하며 말했어요.,The squirrel spoke with worry.
큰일,big trouble,Pure Korean,Noun,“큰일 났어!,Oh no! We're in big trouble!
나다,to happen,Pure Korean,Verb,“큰일 났어!,Oh no! We're in big trouble!
사라지다,to disappear,Pure Korean,Verb,우리 숲이 사라질지도 몰라.”,Our forest might disappear.
슬프다,to be sad,Pure Korean,Adjective,토끼도 슬픈 목소리로 말했어요.,The rabbit also spoke in a sad voice.
목소리,voice,Pure Korean,Noun,토끼도 슬픈 목소리로 말했어요.,The rabbit also spoke in a sad voice.
하다,to do,Pure Korean,Verb,“어떻게 해야 하지?,What should we do?
없이,without,Pure Korean,Adverb,우리는 나무 없이는 살 수 없는데.”,We cannot live without trees.
데,fact,Pure Korean,Noun,우리는 나무 없이는 살 수 없는데.”,We cannot live without trees.
소식,news,"消息 (소식) -> 消 (소: vanish, disappear) + 息 (식: breath, cease, stop)",Noun,요정들도 이 소식을 듣고 걱정했어요.,The fairies also heard this news and worried.
여왕,queen,"女王 (여왕) -> 女 (여: woman, female) + 王 (왕: king, monarch)",Noun,요정 여왕님은 모든 요정들을 모아 회의를 열었어요.,The fairy queen gathered all the fairies and held a meeting.
모으다,to gather,Pure Korean,Verb,요정 여왕님은 모든 요정들을 모아 회의를 열었어요.,The fairy queen gathered all the fairies and held a meeting.
회의,meeting,"會議 (회의) -> 會 (회: gather, meeting) + 議 (의: discuss, deliberation)",Noun,요정 여왕님은 모든 요정들을 모아 회의를 열었어요.,The fairy queen gathered all the fairies and held a meeting.
열다,to hold,Pure Korean,Verb,요정 여왕님은 모든 요정들을 모아 회의를 열었어요.,The fairy queen gathered all the fairies and held a meeting.
위험,danger,"危險 (위험) -> 危 (위: dangerous, precarious) + 險 (험: dangerous, steep)",Noun,“우리 숲이 위험에 처했어요.,Our forest is in danger.
처하다,to face,"處 (처: place, deal with, cope with)",Verb,“우리 숲이 위험에 처했어요.,Our forest is in danger.
구하다,to save,"救 (구: save, rescue)",Verb,우리는 숲을 구해야 해요.”,We must save the forest.
합치다,to combine,"合 (합: join, unite, fit)",Verb,요정들은 모두 힘을 합쳐 숲을 구할 방법을 찾기로 했어요.,All the fairies decided to combine their strengths to find a way to save the forest.
방법,method,"方法 (방법) -> 方 (방: square, direction, method) + 法 (법: law, method)",Noun,요정들은 모두 힘을 합쳐 숲을 구할 방법을 찾기로 했어요.,All the fairies decided to combine their strengths to find a way to save the forest.
찾다,to find,Pure Korean,Verb,요정들은 모두 힘을 합쳐 숲을 구할 방법을 찾기로 했어요.,All the fairies decided to combine their strengths to find a way to save the forest.
아이디어,idea,Pure Korean,Noun,한 요정이 아이디어를 냈어요.,One fairy suggested an idea.
내다,to suggest,Pure Korean,Verb,한 요정이 아이디어를 냈어요.,One fairy suggested an idea.
따르다,to follow,Pure Korean,Verb,"“옛날 이야기에 따르면, 숲의 정령이 슬퍼하면 나무들이 아프다고 해요.","According to an old story, if the forest spirit is sad, the trees get sick."
정령,spirit,"精靈 (정령) -> 精 (정: essence, spirit) + 靈 (령: spirit, soul)",Noun,"“옛날 이야기에 따르면, 숲의 정령이 슬퍼하면 나무들이 아프다고 해요.","According to an old story, if the forest spirit is sad, the trees get sick."
슬퍼하다,to be sad,Pure Korean,Verb,"“옛날 이야기에 따르면, 숲의 정령이 슬퍼하면 나무들이 아프다고 해요.","According to an old story, if the forest spirit is sad, the trees get sick."
찾아가다,to visit,Pure Korean,Verb,숲의 정령을 찾아가서 무슨 일이 있는지 물어보는 게 어때요?”,How about visiting the forest spirit and asking what's going on?
일,matter,Pure Korean,Noun,숲의 정령을 찾아가서 무슨 일이 있는지 물어보는 게 어때요?”,How about visiting the forest spirit and asking what's going on?
것,thing,Pure Korean,Noun,숲의 정령을 찾아가서 무슨 일이 있는지 물어보는 게 어때요?”,How about visiting the forest spirit and asking what's going on?
동의,agreement,"同意 (동의) -> 同 (동: same, together) + 意 (의: meaning, intention, will)",Noun,요정들은 모두 그 아이디어에 동의했어요.,All the fairies agreed to that idea.
그래서,so,Pure Korean,Adverb,그래서 요정들은 숲의 정령을 찾아 긴 여행을 시작했어요.,"So, the fairies began a long journey to find the forest spirit."
길다,to be long,Pure Korean,Adjective,그래서 요정들은 숲의 정령을 찾아 긴 여행을 시작했어요.,"So, the fairies began a long journey to find the forest spirit."
여행,journey,"旅 (여: travel, journey) + 行 (행: go, travel)",Noun,그래서 요정들은 숲의 정령을 찾아 긴 여행을 시작했어요.,So the fairies started a long journey to find the spirit of the forest.
퍼덕이다,to flap,Pure Korean,Verb,작은 날개를 퍼덕이며 숲 속 깊은 곳으로 날아갔죠.,"Flapping their small wings, they flew deep into the forest."
곳,place,Pure Korean,Noun,작은 날개를 퍼덕이며 숲 속 깊은 곳으로 날아갔죠.,"Flapping their small wings, they flew deep into the forest."
날아가다,to fly away,Pure Korean,Verb,작은 날개를 퍼덕이며 숲 속 깊은 곳으로 날아갔죠.,"Flapping their small wings, they flew deep into the forest."
만나다,to meet,Pure Korean,Verb,요정들은 숲 속에서 여러 동물들을 만났어요.,The fairies met various animals in the forest.
맛있다,delicious,Pure Korean,Adjective,"다람쥐는 요정들에게 맛있는 열매를 주었고, 토끼는 길을 안내해 주었어요.","The squirrel gave the fairies delicious berries, and the rabbit guided them along the way."
열매,berry,Pure Korean,Noun,"다람쥐는 요정들에게 맛있는 열매를 주었고, 토끼는 길을 안내해 주었어요.","The squirrel gave the fairies delicious berries, and the rabbit guided them along the way."
주다,to give,Pure Korean,Verb,"다람쥐는 요정들에게 맛있는 열매를 주었고, 토끼는 길을 안내해 주었어요.","The squirrel gave the fairies delicious berries, and the rabbit guided them along the way."
길,way,Pure Korean,Noun,"다람쥐는 요정들에게 맛있는 열매를 주었고, 토끼는 길을 안내해 주었어요.","The squirrel gave the fairies delicious berries, and the rabbit guided them along the way."
안내,guidance,"案 (안: plan, case) + 內 (내: inside, within)",Noun,"다람쥐는 요정들에게 맛있는 열매를 주었고, 토끼는 길을 안내해 주었어요.","The squirrel gave the fairies delicious berries, and the rabbit guided them along the way."
하늘,sky,Pure Korean,Noun,새들은 하늘에서 요정들을 지켜보며 응원했어요.,The birds watched and cheered for the fairies from the sky.
지켜보다,to watch over,Pure Korean,Verb,새들은 하늘에서 요정들을 지켜보며 응원했어요.,The birds watched and cheered for the fairies from the sky.
응원,cheer,"應 (응: respond) + 援 (원: help, support)",Noun,새들은 하늘에서 요정들을 지켜보며 응원했어요.,The birds watched and cheered for the fairies from the sky.
도움,help,Pure Korean,Noun,요정들은 동물들의 도움을 받아 숲의 정령이 있는 곳으로 점점 더 가까이 갔어요.,"With the help of the animals, the fairies gradually went closer to where the spirit of the forest was."
가까이,closer,Pure Korean,Adverb,요정들은 동물들의 도움을 받아 숲의 정령이 있는 곳으로 점점 더 가까이 갔어요.,"With the help of the animals, the fairies gradually went closer to where the spirit of the forest was."
가다,to go,Pure Korean,Verb,요정들은 동물들의 도움을 받아 숲의 정령이 있는 곳으로 점점 더 가까이 갔어요.,"With the help of the animals, the fairies gradually went closer to where the spirit of the forest was."
드디어,finally,Pure Korean,Adverb,드디어 요정들은 숲의 가장 깊숙한 곳에서 숲의 정령을 만났어요.,"Finally, the fairies met the spirit of the forest in the deepest part of the forest."
가장,most,Pure Korean,Adverb,드디어 요정들은 숲의 가장 깊숙한 곳에서 숲의 정령을 만났어요.,"Finally, the fairies met the spirit of the forest in the deepest part of the forest."
얼굴,face,Pure Korean,Noun,숲의 정령은 슬픈 얼굴을 하고 있었어요.,The spirit of the forest had a sad face.
조심,caution,"操 (조: grasp, manipulate, careful) + 心 (심: heart, mind)",Noun,요정 여왕님이 정령에게 조심스럽게 물었어요.,The fairy queen cautiously asked the spirit.
왜,why,Pure Korean,Adverb,"“정령님, 왜 그렇게 슬퍼하세요?","""Spirit, why are you so sad?"
한숨,sigh,Pure Korean,Noun,숲의 정령은 깊은 한숨을 쉬며 말했어요.,The spirit of the forest sighed deeply and spoke.
쉬다,to take (a breath),Pure Korean,Verb,숲의 정령은 깊은 한숨을 쉬며 말했어요.,The spirit of the forest sighed deeply and spoke.
함부로,carelessly,Pure Korean,Adverb,"나무를 함부로 베고, 쓰레기를 버리고… 숲이 점점 더러워지고 있어요.","They carelessly cut down trees, throw away trash... The forest is getting dirtier and dirtier."
베다,to cut down,Pure Korean,Verb,"나무를 함부로 베고, 쓰레기를 버리고… 숲이 점점 더러워지고 있어요.","They carelessly cut down trees, throw away trash... The forest is getting dirtier and dirtier."
쓰레기,trash,Pure Korean,Noun,"나무를 함부로 베고, 쓰레기를 버리고… 숲이 점점 더러워지고 있어요.","They carelessly cut down trees, throw away trash... The forest is getting dirtier and dirtier."
버리다,to throw away,Pure Korean,Verb,"나무를 함부로 베고, 쓰레기를 버리고… 숲이 점점 더러워지고 있어요.","They carelessly cut down trees, throw away trash... The forest is getting dirtier and dirtier."
더러워지다,to become dirty,Pure Korean,Verb,"나무를 함부로 베고, 쓰레기를 버리고… 숲이 점점 더러워지고 있어요.","They carelessly cut down trees, throw away trash... The forest is getting dirtier and dirtier."
너무,too,Pure Korean,Adverb,저는 너무 슬퍼요.”,"I am too sad."""
마음,heart,Pure Korean,Noun,요정들은 정령의 이야기를 듣고 마음이 아팠어요.,The fairies listened to the spirit's story and their hearts ached.
약속,promise,"約 (약: tie, bind, make a promise) + 束 (속: bind, tie, bundle, constraint)",Noun,요정 여왕님은 정령에게 약속했어요.,The fairy queen made a promise to the spirit.
보호,protection,"保 (보: protect, preserve) + 護 (호: protect, guard)",Noun,저희가 사람들에게 숲을 보호해야 한다고 말할게요.,We will tell people that they need to protect the forest.
청소,cleaning,"淸 (청: clear, clean, pure) + 掃 (소: sweep, clean)",Noun,그리고 저희도 숲을 깨끗하게 청소할 거예요.”,And we will also clean the forest thoroughly.”
다시,again,Pure Korean,Adverb,요정들은 모두 힘을 합쳐 숲을 다시 건강하게 만들기로 결심했어요.,All the fairies combined their strength and decided to make the forest healthy again.
건강,health,"健 (건: strong, healthy) + 康 (강: healthy, peaceful)",Noun,요정들은 모두 힘을 합쳐 숲을 다시 건강하게 만들기로 결심했어요.,All the fairies combined their strength and decided to make the forest healthy again.
결심,decision,"決 (결: decide, determine, resolve) + 心 (심: heart, mind)",Noun,요정들은 모두 힘을 합쳐 숲을 다시 건강하게 만들기로 결심했어요.,All the fairies combined their strength and decided to make the forest healthy again.
돌아가다,to return,Pure Korean,Verb,요정들은 다시 숲으로 돌아가 동물들과 함께 숲을 청소하기 시작했어요.,The fairies returned to the forest and began cleaning it with the animals.
함께,together,Pure Korean,Adverb,요정들은 다시 숲으로 돌아가 동물들과 함께 숲을 청소하기 시작했어요.,The fairies returned to the forest and began cleaning it with the animals.
손,hand,Pure Korean,Noun,"다람쥐는 작은 손으로 쓰레기를 주웠고, 토끼는 풀밭을 정리했어요.","The squirrel picked up trash with its small hands, and the rabbit tidied up the lawn."
풀밭,lawn,Pure Korean,Noun,"다람쥐는 작은 손으로 쓰레기를 주웠고, 토끼는 풀밭을 정리했어요.","The squirrel picked up trash with its small hands, and the rabbit tidied up the lawn."
정리,tidying up,"整 (정: regulate, tidy, arrange) + 理 (리: reason, logic, arrange)",Noun,"다람쥐는 작은 손으로 쓰레기를 주웠고, 토끼는 풀밭을 정리했어요.","The squirrel picked up trash with its small hands, and the rabbit tidied up the lawn."
노래,song,Pure Korean,Noun,새들은 하늘에서 노래하며 모두를 응원했어요.,"The birds sang in the sky, cheering everyone on."
마법,magic,"魔 (마: demon, evil, magic) + 法 (법: law, method, way)",Noun,요정들은 마법의 힘을 사용해서 아픈 나무들을 치료했어요.,The fairies used their magical powers to heal the sick trees.
사용,use,"使 (사: use, employ) + 用 (용: use)",Noun,요정들은 마법의 힘을 사용해서 아픈 나무들을 치료했어요.,The fairies used their magical powers to heal the sick trees.
치료,treatment,"治 (치: govern, cure, heal) + 療 (료: heal, treat)",Noun,요정들은 마법의 힘을 사용해서 아픈 나무들을 치료했어요.,The fairies used their magical powers to heal the sick trees.
약,medicine,"藥 (약: medicine, drug)",Noun,"요정들은 꽃잎으로 만든 약을 나무에 발라주고, 깨끗한 물을 주었어요.",The fairies applied medicine made of flower petals to the trees and gave them clean water.
바르다,to apply,Pure Korean,Verb,"요정들은 꽃잎으로 만든 약을 나무에 발라주고, 깨끗한 물을 주었어요.",The fairies applied medicine made of flower petals to the trees and gave them clean water.
물,water,Pure Korean,Noun,"요정들은 꽃잎으로 만든 약을 나무에 발라주고, 깨끗한 물을 주었어요.",The fairies applied medicine made of flower petals to the trees and gave them clean water.
시간,time,"時 (시: time, hour) + 間 (간: interval, space)",Noun,"시간이 조금 지나자, 숲은 다시 건강해지기 시작했어요.","After a little time passed, the forest began to become healthy again."
조금,a little,Pure Korean,Adverb,"시간이 조금 지나자, 숲은 다시 건강해지기 시작했어요.","After a little time passed, the forest began to become healthy again."
지나다,to pass,Pure Korean,Verb,"시간이 조금 지나자, 숲은 다시 건강해지기 시작했어요.","After a little time passed, the forest began to become healthy again."
잎,leaf,Pure Korean,Noun,"나무들은 다시 푸른 잎을 틔우고, 꽃들은 아름답게 피어났어요.","The trees sprouted green leaves again, and the flowers bloomed beautifully."
틔우다,to sprout,Pure Korean,Verb,"나무들은 다시 푸른 잎을 틔우고, 꽃들은 아름답게 피어났어요.","The trees sprouted green leaves again, and the flowers bloomed beautifully."
꽃,flower,Pure Korean,Noun,"나무들은 다시 푸른 잎을 틔우고, 꽃들은 아름답게 피어났어요.","The trees sprouted green leaves again, and the flowers bloomed beautifully."
피어나다,to bloom,Pure Korean,Verb,"나무들은 다시 푸른 잎을 틔우고, 꽃들은 아름답게 피어났어요.","The trees sprouted green leaves again, and the flowers bloomed beautifully."
웃음,smile,Pure Korean,Noun,숲의 정령도 다시 웃음을 되찾았어요.,The forest spirit also regained its smile.
되찾다,to regain,Pure Korean,Verb,숲의 정령도 다시 웃음을 되찾았어요.,The forest spirit also regained its smile.
행복,happiness,"幸 (행: fortunate, lucky, happy) + 福 (복: blessing, fortune, happiness)",Noun,숲은 다시 동물들과 요정들의 행복한 보금자리가 되었답니다.,The forest once again became a happy home for the animals and fairies.
보금자리,home,Pure Korean,Noun,숲은 다시 동물들과 요정들의 행복한 보금자리가 되었답니다.,The forest once again became a happy home for the animals and fairies.
되다,to become,Pure Korean,Verb,숲은 다시 동물들과 요정들의 행복한 보금자리가 되었답니다.,The forest once again became a happy home for the animals and fairies.
계획,plan,"計劃 (計 (계): count, calculate, plan + 劃 (획): draw, mark, plan)",Noun,그래서 요정 여왕님은 특별한 계획을 세웠어요.,So the Fairy Queen made a special plan.
세우다,"to make (a plan), to establish",Pure Korean,Verb,그래서 요정 여왕님은 특별한 계획을 세웠어요.,So the Fairy Queen made a special plan.
밤,night,Pure Korean,Noun,요정들은 밤에 사람들의 꿈속에 나타나 숲의 아름다움을 보여주기로 했어요.,The fairies decided to appear in people's dreams at night and show them the beauty of the forest.
꿈속,"in a dream, dreamworld",Pure Korean,Noun,요정들은 밤에 사람들의 꿈속에 나타나 숲의 아름다움을 보여주기로 했어요.,The fairies decided to appear in people's dreams at night and show them the beauty of the forest.
나타나다,to appear,Pure Korean,Verb,요정들은 밤에 사람들의 꿈속에 나타나 숲의 아름다움을 보여주기로 했어요.,The fairies decided to appear in people's dreams at night and show them the beauty of the forest.
맑다,clear,Pure Korean,Adjective,"사람들은 꿈속에서 푸른 나무와 예쁜 꽃, 맑은 시냇물을 보았어요.","In their dreams, people saw green trees, beautiful flowers, and clear streams."
시냇물,stream (water),Pure Korean,Noun,"사람들은 꿈속에서 푸른 나무와 예쁜 꽃, 맑은 시냇물을 보았어요.","In their dreams, people saw green trees, beautiful flowers, and clear streams."
꿈,dream,Pure Korean,Noun,꿈에서 깨어난 사람들은 숲을 보호해야겠다는 생각을 하게 되었어요.,People who woke up from their dreams began to think that they should protect the forest.
깨어나다,to wake up,Pure Korean,Verb,꿈에서 깨어난 사람들은 숲을 보호해야겠다는 생각을 하게 되었어요.,People who woke up from their dreams began to think that they should protect the forest.
소녀,girl,"少女 (少 (소): young, few + 女 (녀): woman, girl)",Noun,"어느 날, 한 소녀가 숲에 놀러 왔어요.","One day, a girl came to play in the forest."
놀다,to play,Pure Korean,Verb,"어느 날, 한 소녀가 숲에 놀러 왔어요.","One day, a girl came to play in the forest."
오다,to come,Pure Korean,Verb,"어느 날, 한 소녀가 숲에 놀러 왔어요.","One day, a girl came to play in the forest."
떨어지다,to fall,Pure Korean,Verb,소녀는 숲에서 떨어진 아기 새를 발견했어요.,The girl found a baby bird that had fallen from the forest.
아기,baby,Pure Korean,Noun,소녀는 숲에서 떨어진 아기 새를 발견했어요.,The girl found a baby bird that had fallen from the forest.
발견,discovery,"發見 (發 (발): send out, discover + 見 (견): see, perceive)",Noun,소녀는 숲에서 떨어진 아기 새를 발견했어요.,The girl found a baby bird that had fallen from the forest.
집,home,Pure Korean,Noun,소녀는 아기 새를 집으로 데려가 정성껏 돌봐주었어요.,The girl took the baby bird home and cared for it diligently.
데려가다,to take (someone/something),Pure Korean,Verb,소녀는 아기 새를 집으로 데려가 정성껏 돌봐주었어요.,The girl took the baby bird home and cared for it diligently.
정성껏,"with utmost care, diligently",Pure Korean,Adverb,소녀는 아기 새를 집으로 데려가 정성껏 돌봐주었어요.,The girl took the baby bird home and cared for it diligently.
돌보다,"to care for, to look after",Pure Korean,Verb,소녀는 아기 새를 집으로 데려가 정성껏 돌봐주었어요.,The girl took the baby bird home and cared for it diligently.
착하다,"kind, good-hearted",Pure Korean,Adjective,요정들은 소녀의 착한 마음을 보고 감동했어요.,The fairies were touched by the girl's kind heart.
감동,"emotion, impression (as in 'being moved')","感動 (感 (감): feel, sense + 動 (동): move, act)",Noun,요정들은 소녀의 착한 마음을 보고 감동했어요.,The fairies were touched by the girl's kind heart.
선물,"gift, present","膳物 (膳 (선): delicacies, food offerings + 物 (물): thing, object)",Noun,요정 여왕님은 소녀에게 특별한 선물을 주기로 했어요.,The Fairy Queen decided to give the girl a special gift.
씨앗,seed,Pure Korean,Noun,요정 여왕님은 소녀에게 작은 씨앗 하나를 건네주었어요.,The Fairy Queen handed the girl a small seed.
건네다,"to hand over, to pass",Pure Korean,Verb,요정 여왕님은 소녀에게 작은 씨앗 하나를 건네주었어요.,The Fairy Queen handed the girl a small seed.
심다,to plant,Pure Korean,Verb,"이 씨앗을 심으면, 숲을 치유하는 꽃이 필 거예요.”","If you plant this seed, a flower that heals the forest will bloom."
치유,healing,"治癒 (治 (치): govern, cure, heal + 癒 (유): heal, recover)",Noun,"이 씨앗을 심으면, 숲을 치유하는 꽃이 필 거예요.”","If you plant this seed, a flower that heals the forest will bloom."
피다,"to bloom, to blossom",Pure Korean,Verb,"이 씨앗을 심으면, 숲을 치유하는 꽃이 필 거예요.”","If you plant this seed, a flower that heals the forest will bloom."
간직,"keeping, treasuring",Pure Korean,Noun,소녀는 꿈에서 깨어나 씨앗을 소중하게 간직했어요.,The girl woke up from her dream and carefully treasured the seed.
다음,next,Pure Korean,Noun,"다음 날, 소녀는 숲으로 가서 요정 여왕님이 준 씨앗을 심었어요.","The next day, the girl went to the forest and planted the seed given by the Fairy Queen."
매일,"every day, daily","每日 (每 (매): every, each + 日 (일): day)",Adverb,소녀는 매일 씨앗에 물을 주고 정성껏 돌봤어요.,"Every day, the girl watered the seed and cared for it diligently."
싹,sprout,Pure Korean,Noun,"시간이 지나자, 씨앗에서 싹이 났어요.","As time passed, a sprout emerged from the seed."
얼마,some time,Pure Korean,Noun,"그리고 얼마 후, 아름다운 꽃이 피어났어요.","And after some time, beautiful flowers bloomed."
후,after,"後 (후: after, behind)",Noun,"그리고 얼마 후, 아름다운 꽃이 피어났어요.","And after some time, beautiful flowers bloomed."
전체,entire,"全 (전: whole, entire) + 體 (체: body, whole)",Noun,꽃은 숲 전체에 아름다운 향기를 퍼뜨렸어요.,The flowers spread a beautiful fragrance throughout the entire forest.
향기,fragrance,"香 (향: fragrance, incense) + 氣 (기: air, spirit, atmosphere)",Noun,꽃은 숲 전체에 아름다운 향기를 퍼뜨렸어요.,The flowers spread a beautiful fragrance throughout the entire forest.
퍼뜨리다,to spread,Pure Korean,Verb,꽃은 숲 전체에 아름다운 향기를 퍼뜨렸어요.,The flowers spread a beautiful fragrance throughout the entire forest.
기뻐하다,to rejoice,Pure Korean,Verb,숲의 정령은 기뻐하며 다시 웃었어요.,The forest spirit rejoiced and smiled again.
더욱,even more,Pure Korean,Adverb,그 후로 사람들은 숲을 더욱 소중하게 생각하게 되었어요.,"Since then, people began to value the forest even more."
변화,change,"變 (변: change, alter) + 化 (화: change, transform)",Noun,요정들은 사람들의 변화된 모습에 기뻐했어요.,The fairies were happy with the changed appearance of the people.
모습,appearance,Pure Korean,Noun,요정들은 사람들의 변화된 모습에 기뻐했어요.,The fairies were happy with the changed appearance of the people.
위하다,to be for,Pure Korean,Verb,요정들은 숲을 더욱 아름답게 만들기 위해 노력했어요.,The fairies made an effort to make the forest even more beautiful.
노력,effort,"努 (노: strive, exert) + 力 (력: strength, power)",Noun,요정들은 숲을 더욱 아름답게 만들기 위해 노력했어요.,The fairies made an effort to make the forest even more beautiful.
항상,always,"恒 (항: constant, regular) + 常 (상: always, usual)",Adverb,"숲에는 항상 새들의 노래 소리가 울려 퍼지고, 꽃들의 향기가 가득했어요.",The forest was always filled with the sound of birds singing and the fragrance of flowers.
소리,sound,Pure Korean,Noun,"숲에는 항상 새들의 노래 소리가 울려 퍼지고, 꽃들의 향기가 가득했어요.",The forest was always filled with the sound of birds singing and the fragrance of flowers.
울리다,to echo,Pure Korean,Verb,"숲에는 항상 새들의 노래 소리가 울려 퍼지고, 꽃들의 향기가 가득했어요.",The forest was always filled with the sound of birds singing and the fragrance of flowers.
퍼지다,to spread,Pure Korean,Verb,"숲에는 항상 새들의 노래 소리가 울려 퍼지고, 꽃들의 향기가 가득했어요.",The forest was always filled with the sound of birds singing and the fragrance of flowers.
가득,fully,Pure Korean,Adverb,"숲에는 항상 새들의 노래 소리가 울려 퍼지고, 꽃들의 향기가 가득했어요.",The forest was always filled with the sound of birds singing and the fragrance of flowers.
평화,peace,"平 (평: flat, peaceful) + 和 (화: harmony, peace)",Noun,숲은 평화롭고 아름다운 곳이었어요.,The forest was a peaceful and beautiful place.
감사,gratitude,"感 (감: feel, sense) + 謝 (사: thank, apologize)",Noun,요정들은 숲을 보호하는 사람들에게 항상 감사했어요.,The fairies were always grateful to the people who protected the forest.
소중하다,to be precious,"小 (소: small, little) + 重 (중: heavy, important)",Adjective,요정들은 사람들에게 숲의 소중함을 알려주기 위해 계속 노력했어요.,The fairies continued to strive to inform people of the forest's value.
알리다,to inform,Pure Korean,Verb,요정들은 사람들에게 숲의 소중함을 알려주기 위해 계속 노력했어요.,The fairies continued to strive to inform people of the forest's value.
계속,continuously,"繼 (계: continue, succeed) + 續 (속: continue, connect)",Adverb,요정들은 사람들에게 숲의 소중함을 알려주기 위해 계속 노력했어요.,The fairies continued to strive to inform people of the forest's value.
영원히,forever,"永 (영: long, eternal) + 遠 (원: far, distant)",Adverb,그리고 숲은 영원히 아름다운 모습으로 남았답니다.,And the forest remained beautiful forever.
남다,to remain,Pure Korean,Verb,그리고 숲은 영원히 아름다운 모습으로 남았답니다.,And the forest remained beautiful forever.
가꾸다,to cultivate,Pure Korean,Verb,사람들은 요정들과 함께 숲을 가꾸며 오랫동안 행복하게 살았습니다.,"People lived happily for a long time, cultivating the forest with the fairies."
오랫동안,for a long time,Pure Korean,Noun,사람들은 요정들과 함께 숲을 가꾸며 오랫동안 행복하게 살았습니다.,"People lived happily for a long time, cultivating the forest with the fairies."
언제나,always,Pure Korean,Adverb,숲은 언제나 평화롭고 아름다웠습니다.,The forest was always peaceful and beautiful.
사랑,love,Pure Korean,Noun,요정들은 숲을 사랑하는 사람들과 함께 영원히 행복하게 살았습니다.,The fairies lived happily forever with the people who loved the forest.
