Korean,Part of Speech,Example Sentence,English,Sentence Translation,Etymology
이열치열,Idiom,더위를 더위로 이긴다는 뜻이에요.,fighting fire with fire (lit. 'using heat to control heat'),It means overcoming heat with heat.,"以 (이, with/by) + 熱 (열, heat) + 治 (치, to control) + 熱 (열, heat) -- a four-character idiom (사자성어)"
입이 귀에 걸리다,Idiom,합격 소식을 듣고 입이 귀에 걸렸어요.,to grin ear to ear (from joy),"After hearing I passed, I grinned ear to ear.",Native idiom; 입 (mouth) + 귀 (ear) + 걸리다 (to get caught/hang)
구름 위를 걷는 기분이다,Idiom,합격 소식을 듣고 구름 위를 걷는 기분이었어요.,to feel like walking on clouds,"After hearing I passed, I felt like I was walking on clouds.",Native; 구름 (cloud) + 위 (above) + 걷다 (to walk) + 기분 (feeling)
하늘을 나는 듯이 기쁘다,Idiom,합격 소식을 듣고 하늘을 나는 듯이 기뻤어요.,to be as happy as if flying through the sky,"After hearing I passed, I was as happy as if flying through the sky.",Native; 하늘 (sky) + 날다 (to fly) + 기쁘다 (to be glad)
어깨춤이 절로 나다,Idiom,신나는 노래를 들으면 어깨춤이 절로 나요.,for one's shoulders to start dancing on their own (from joy),"When I hear an exciting song, my shoulders start dancing on their own.",Native; 어깨 (shoulder) + 춤 (dance) + 절로 (spontaneously) + 나다 (to arise)
대추 국물에 빠지다,"Idiom (constructed, non-native)",(literal Korean rendering of the Italian idiom 'andare in brodo di giuggiole'),to fall into jujube broth,Literal translation of the Italian expression for being overjoyed.,대추 (jujube) + 국물 (broth) + 빠지다 (to fall/sink into); not an actual Korean idiom -- constructed word-for-word for comparison
속담,Noun,일찍 일어나는 새가 벌레를 잡는다는 한국 속담이 있어요.,proverb,There's a Korean proverb: 'the early bird catches the worm.',"俗 (속, common/folk) + 談 (담, talk)"
관용 표현,Noun,이열치열은 한국의 관용 표현이에요.,idiomatic expression,이열치열 is a Korean idiomatic expression.,"慣 (관, habitual) + 用 (용, to use) + 表現 (표현, expression)"
직역하다,Verb,직역하면 어떻게 돼요?,to translate literally,How would it turn out if translated literally?,"直 (직, direct) + 譯 (역, to translate) + 하다"
