Korean,Romanization,English,Part of Speech
"것","geot","thing / object","Noun"
"하다","hada","to do","Verb"
"있다","itda","to be / to have","Adjective"
"수","su","ability / way","Noun"
"나","na","I / me (informal)","Pronoun"
"없다","eopda","to not be / to not have","Adjective"
"않다","anta","to not do","Verb"
"사람","saram","person","Noun"
"우리","uri","we / us / our","Pronoun"
"그","geu","he / that","Pronoun"
"아니다","anida","to not be","Adjective"
"보다","boda","to see / to watch","Verb"
"거","geo","thing (short for 것)","Noun"
"같다","gatda","to be the same / like","Adjective"
"주다","juda","to give","Verb"
"대하다","daehada","to face / to treat","Verb"
"가다","gada","to go","Verb"
"년","nyeon","year","Noun"
"한","han","one / a single","Determiner"
"말","mal","word / speech / horse","Noun"
"일","il","work / day / one","Noun"
"이","i","this / person / two","Determiner"
"말하다","malhada","to speak","Verb"
"위하다","wihada","to do for / for the sake of","Verb"
"그러나","geureona","but / however","Conjunction"
"오다","oda","to come","Verb"
"알다","alda","to know","Verb"
"씨","ssi","Mr. / Ms. / Seed","Noun"
"그렇다","geureota","to be so / that is right","Adjective"
"크다","keuda","to be big","Adjective"
"일","il","day","Noun"
"사회","sahoe","society","Noun"
"많다","manta","to be many","Adjective"
"안","an","not / inside","Adverb"
"좋다","jota","to be good","Adjective"
"더","deo","more","Adverb"
"받다","batda","to receive","Verb"
"그것","geugeot","that thing","Pronoun"
"집","jip","house / home","Noun"
"나오다","naoda","to come out","Verb"
"그리고","geurigo","and","Conjunction"
"문제","munje","problem / question","Noun"
"그런","geureon","such","Determiner"
"살다","salda","to live","Verb"
"저","jeo","I (formal) / that (over there)","Pronoun"
"못하다","mothada","to be unable to do / to be poor at","Verb"
"생각하다","saenggakhada","to think","Verb"
"모르다","moreuda","to not know","Verb"
"속","sok","inside","Noun"
"만들다","mandeulda","to make","Verb"
"데","de","place / point","Noun"
"두","du","two","Number"
"앞","ap","front","Noun"
"경우","gyeongu","case / scenario","Noun"
"중","jung","middle / center","Noun"
"어떤","eotteon","which / what kind of","Determiner"
"잘","jal","well","Adverb"
"그녀","geunyeo","she","Pronoun"
"먹다","meokda","to eat","Verb"
"자신","jasin","oneself / confidence","Noun"
"문화","munhwa","culture","Noun"
"원","won","Won (currency)","Noun"
"생각","saenggak","thought / idea","Noun"
"어떻다","eotteota","how / to be how","Adjective"
"명","myeong","person counter","Noun"
"통하다","tonghada","to run / lead to / flow","Verb"
"그러다","geureoda","to do so","Verb"
"소리","sori","sound","Noun"
"다시","dasi","again","Adverb"
"다른","dareun","different","Determiner"
"이런","ireon","such / like this","Determiner"
"여자","yeoja","woman","Noun"
"개","gae","unit / piece / dog","Noun"
"정도","jeongdo","degree","Noun"
"다","da","all / everything","Adverb"
"좀","jom","a little","Adverb"
"싶다","sipda","to want","Adjective"
"보이다","boida","to be seen / to look","Verb"
"가지다","gajida","to have / to possess","Verb"
"함께","hamkke","together","Adverb"
"아이","ai","child","Noun"
"지나다","jinada","to pass (time/place)","Verb"
"많이","mani","a lot","Adverb"
"시간","sigan","time","Noun"
"너","neo","you (informal)","Pronoun"
"인간","ingan","human","Noun"
"사실","sasil","fact / truth","Noun"
"나다","nada","to be born / to occur","Verb"
"이렇다","ireota","to be like this","Adjective"
"어머니","eomeoni","mother","Noun"
"눈","nun","eye / snow","Noun"
"뭐","mwo","what","Pronoun"
"점","jeom","store / point","Noun"
"의하다","uihada","to depend on / due to","Verb"
"시대","sidae","period / era","Noun"
"다음","daeum","next","Noun"
"이러하다","ireohada","to be like this","Adjective"
"누구","nugu","who","Pronoun"
"곳","got","place","Noun"
"여러","yeoreo","several / various","Determiner"
"안","an","inside","Noun"
"하나","hana","one","Noun"
"세계","segye","world","Noun"
"버리다","beorida","to throw away","Verb"
"위","wi","top / above","Noun"
"운동","undong","exercise / movement","Noun"
"퍼센트","peosenteu","percent","Noun"
"학교","hakgyo","school","Noun"
"자기","jagi","oneself / honey","Noun"
"가장","gajang","most / best","Adverb"
"대통령","daetongnyeong","president","Noun"
"가지","gaji","kind / sort","Noun"
"시작하다","sijakhada","to start","Verb"
"바로","baro","right away / correctly","Adverb"
"어느","eoneu","which / some","Determiner"
"그래서","geuraeseo","so / therefore","Conjunction"
"무엇","mueot","what","Pronoun"
"정부","jeongbu","government","Noun"
"모든","modeun","every / all","Determiner"
"번","beon","number / times","Noun"
"그거","geugeo","that thing","Pronoun"
"돈","don","money","Noun"
"국가","gukga","nation / country","Noun"
"그런데","geureonde","but / by the way","Conjunction"
"날","nal","day","Noun"
"여기","yeogi","here","Pronoun"
"모두","modu","everyone / all","Adverb"
"여성","yeoseong","female","Noun"
"친구","chingu","friend","Noun"
"마음","maeum","heart / mind","Noun"
"후","hu","after","Noun"
"놓다","nota","to put / to place","Verb"
"관계","gwangye","relationship","Noun"
"아버지","abeoji","father","Noun"
"남자","namja","man","Noun"
"어디","eodi","where","Pronoun"
"몸","mom","body","Noun"
"얼굴","eolgul","face","Noun"
"왜","wae","why","Adverb"
"나타나다","natanada","to appear","Verb"
"지역","jiyeok","region / area","Noun"
"다르다","dareuda","to be different","Adjective"
"모습","moseup","shape / figure / appearance","Noun"
"물","mul","water","Noun"
"만나다","mannada","to meet","Verb"
"내다","naeda","to pay / to put forth","Verb"
"보이다","boida","to show","Verb"
"쓰다","sseuda","to write / to use / to be bitter","Verb"
"이것","igeot","this thing","Pronoun"
"없이","eopsi","without","Adverb"
"이번","ibeon","this time","Noun"
"길","gil","road / street","Noun"
"생활","saenghwal","lifestyle / daily life","Noun"
"쓰다","sseuda","to wear (hat/glasses)","Verb"
"뿐","ppun","only / just","Noun"
"사이","sai","between / relationship","Noun"
"방법","bangbeop","method / way","Noun"
"새롭다","saeropda","to be new","Adjective"
"내다","naeda","to make something happen","Verb"
"앉다","anda","to sit","Verb"
"처음","cheoeum","first time","Noun"
"손","son","hand","Noun"
"몇","myeot","some / how many","Determiner"
"그때","geuttae","at that time","Noun"
"과정","gwajeong","process","Noun"
"삶","sam","life","Noun"
"갖다","gatda","to have / to hold","Verb"
"찾다","chatda","to find / to look for","Verb"
"특히","teukhi","especially","Adverb"
"시","si","hour / o'clock","Noun"
"이상","isang","more than / strange","Noun"
"지금","jigeum","now","Noun"
"나가다","nagada","to go out","Verb"
"이야기","iyagi","story / conversation","Noun"
"교육","gyoyuk","education","Noun"
"사다","sada","to buy","Verb"
"경제","gyeongje","economy","Noun"
"아직","ajik","still / yet","Adverb"
"잡다","japda","to catch / to hold","Verb"
"같이","gachi","together","Adverb"
"선생님","seonsaengnim","teacher","Noun"
"예술","yesul","art","Noun"
"서다","seoda","to stand","Verb"
"못","mot","cannot","Adverb"
"역사","yeoksa","history","Noun"
"읽다","ikda","to read","Verb"
"결과","gyeolgwa","result","Noun"
"내용","naeyong","content","Noun"
"물론","mullon","of course","Adverb"
"책","chaek","book","Noun"
"일어나다","ireonada","to get up / to happen","Verb"
"당신","dangsin","you (formal)","Pronoun"
"시장","sijang","market / mayor","Noun"
"넣다","neota","to put in","Verb"
"중요하다","jungyohada","to be important","Adjective"
"무슨","museun","what / what kind of","Determiner"
"느기다","neukkida","to feel","Verb"
"어렵다","eoryeopda","to be difficult","Adjective"
"힘","him","strength / power","Noun"
"너무","neomu","too / very","Adverb"
"나라","nara","country","Noun"
"부르다","bureuda","to call / to sing","Verb"
"의미","uimi","meaning","Noun"
"자리","jari","seat / spot","Noun"
"밝히다","balkhida","to reveal / to light up","Verb"
"죽다","jukda","to die","Verb"
"이미","imi","already","Adverb"
"쪽","jjok","way / side / direction","Noun"
"정치","jeongchi","politics","Noun"
"국민","gungmin","people / citizens","Noun"
"생명","saengmyeong","life","Noun"
"얘기","yaegi","story (short for 이야기)","Noun"
"학생","haksaeng","student","Noun"
"연구","yeongu","research","Noun"
"엄마","eomma","mom","Noun"
"이름","ireum","name","Noun"
"하나","hana","one","Number"
"내리다","naerida","to go down / to descend","Verb"
"사건","sageon","incident / event","Noun"
"및","mit","and / as well as","Adverb"
"쉽다","swipda","to be easy","Adjective"
"짓다","jitda","to build / to make","Verb"
"이유","iyu","reason","Noun"
"필요하다","piryohada","to be needed","Adjective"
"글","geul","writing / text","Noun"
"생기다","saenggida","to arise / to look like","Verb"
"사용하다","sayonghada","to use","Verb"
"남편","nampyeon","husband","Noun"
"밖","bak","outside","Noun"
"세상","sesang","world","Noun"
"작다","jakda","to be small","Adjective"
"타다","tada","to ride / to burn","Verb"
"대학","daehak","university","Noun"
"작품","jakpum","work of art","Noun"
"상황","sanghwang","situation","Noun"
"가운데","gaunde","middle","Noun"
"보내다","bonaeda","to send / to spend time","Verb"
"즉","jeuk","namely / that is","Adverb"
"상태","sangtae","condition / state","Noun"
"이후","ihu","after","Noun"
"당시","dangsi","at that time","Noun"
"문학","munhak","literature","Noun"
"더욱","deouk","more / increasingly","Adverb"
"아주","aju","very","Adverb"
"지방","jibang","local area / district","Noun"
"밤","bam","night","Noun"
"높다","nopda","to be high","Adjective"
"최근","choegeun","recent","Noun"
"채","chae","as it is / counting unit for houses","Noun"
"현실","hyeonsil","reality","Noun"
"환경","hwangyeong","environment","Noun"
"컴퓨터","keompyuteo","computer","Noun"
"먼저","meonjeo","first / earlier","Adverb"
"다니다","danida","to go to / to attend","Verb"
"얼마나","eolmana","how many / how much","Adverb"
"자체","jache","itself","Noun"
"열다","yeolda","to open","Verb"
"머리","meori","head / hair","Noun"
"묻다","mutda","to ask","Verb"
"남다","namda","to remain","Verb"
"부분","bubun","part","Noun"
"기업","gieop","enterprise / business","Noun"
"변화","byeonhwa","change","Noun"
"아들","adeul","son","Noun"
"아","a","ah! (exclamation)","Interjection"
"선거","seongeo","election","Noun"
"관하다","gwanhada","to relate to","Verb"
"분","bun","minute / person (honorific)","Noun"
"개인","gaein","individual","Noun"
"나누다","nanuda","to divide / to share","Verb"
"이용하다","iyonghada","to use","Verb"
"거의","geoui","almost","Adverb"
"곧","got","soon","Adverb"
"중심","jungsim","center / focus","Noun"
"활동","hwaldong","activity","Noun"
"오늘","oneul","today","Noun"
"서로","seoro","each other","Adverb"
"관심","gwansim","interest / concern","Noun"
"역시","yeoksi","as expected / likewise","Adverb"
"이거","igeo","this (short for 이것)","Pronoun"
"애","ae","child / baby","Noun"
"광고","gwanggo","advertisement","Noun"
"나다","nada","to grow / to sprout","Verb"
"방","bang","room","Noun"
"정신","jeongsin","mind / spirit","Noun"
"이르다","ireuda","to reach / to arrive","Verb"
"이루다","iruda","to achieve","Verb"
"아침","achim","morning / breakfast","Noun"
"웃다","utda","to laugh / to smile","Verb"
"현상","hyeonsang","phenomenon","Noun"
"기술","gisul","technology / skill","Noun"
"전체","jeonche","whole / entire","Noun"
"그래","geurae","yes / okay","Interjection"
"얻다","eotda","to get / to obtain","Verb"
"아름답다","areumdapda","to be beautiful","Adjective"
"끝","kkeut","end","Noun"
"민족","minjok","people / nation / ethnic group","Noun"
"간","gan","interval / between","Noun"
"조사","josa","investigation / survey","Noun"
"듯","deut","as if","Noun"
"입","ip","mouth","Noun"
"뭐","mwo","huh? / what?","Interjection"
"그대로","geudaero","as it is","Adverb"
"영화","yeonghwa","movie","Noun"
"필요","piryo","need / necessity","Noun"
"줄","jul","way / method","Noun"
"하늘","haneul","sky","Noun"
"년","nyeon","year (counting)","Noun"
"과학","gwahak","science","Noun"
"자연","jayeon","nature","Noun"
"정말","jeongmal","really / truth","Noun"
"구조","gujo","structure","Noun"
"결국","gyeolguk","eventually / in the end","Adverb"
"밥","bap","rice / meal","Noun"
"입다","ipda","to wear","Verb"
"오히려","ohiryeo","rather / on the contrary","Adverb"
"프로그램","peurogeuraem","program","Noun"
"네","ne","yes","Interjection"
"남","nam","others / strangers","Noun"
"하루","haru","one day","Noun"
"그림","geurim","picture / drawing","Noun"
"적","jeok","time / occurrence","Noun"
"터","teo","site / ground","Noun"
"마시다","masida","to drink","Verb"
"치다","chida","to hit / to play (instrument)","Verb"
"혼자","honja","alone","Noun"
"나가다","nagada","to move forward","Verb"
"이제","ije","now","Adverb"
"교수","gyosu","professor","Noun"
"술","sul","alcohol","Noun"
"사랑","sarang","love","Noun"
"전화","jeonhwa","telephone","Noun"
"끝나다","kkeunnada","to finish / to end","Verb"
"맞다","matda","to be correct / to fit","Verb"
"아빠","appa","dad","Noun"
"걸리다","geollida","to hang / to take time","Verb"
"지키다","jikida","to protect / to keep","Verb"
"한번","hanbeon","once","Noun"
"커피","keopi","coffee","Noun"
"가슴","gaseum","chest / heart","Noun"
"길다","gilda","to be long","Adjective"
"바라다","barada","to wish / to hope","Verb"
"알아보다","araboda","to recognize / to investigate","Verb"
"맛","mat","taste","Noun"
"대부분","daebubun","most","Noun"
"산업","saneop","industry","Noun"
"매우","maeu","very","Adverb"
"오르다","oreuda","to go up / to climb","Verb"
"음식","eumsik","food","Noun"
"표정","pyojeong","facial expression","Noun"
"꼭","kkok","surely / exactly","Adverb"
"일부","ilbu","part / portion","Noun"
"요즘","yojeum","these days","Noun"
"계획","gyehoek","plan","Noun"
"느낌","neukkim","feeling","Noun"
"얼마","eolma","how much","Noun"
"고개","gogae","head / hill","Noun"
"성격","seonggyeok","personality","Noun"
"계속","gyesok","continuously","Adverb"
"세기","segi","century","Noun"
"세우다","seuda","to stand / to set up","Verb"
"아내","anae","wife","Noun"
"가족","gajok","family","Noun"
"현재","hyeonjae","present / now","Noun"
"세","se","three","Number"
"발전","baljeon","development","Noun"
"차","cha","car / tea","Noun"
"놀다","nolda","to play","Verb"
"향하다","hyanghada","to face / to head towards","Verb"
"관련","gwallyeon","relation / connection","Noun"
"형태","hyeongtae","form / shape","Noun"
"각","gak","each","Determiner"
"도시","dosi","city","Noun"
"작업","jageop","work / operation","Noun"
"분위기","bunwigi","atmosphere","Noun"
"그러니까","geureonikka","so / therefore","Conjunction"
"나이","nai","age","Noun"
"우선","useon","first of all","Adverb"
"믿다","mitda","to believe","Verb"
"바꾸다","bakkuda","to change","Verb"
"낳다","nata","to give birth","Verb"
"바","ba","thing / way","Noun"
"정보","jeongbo","information","Noun"
"열리다","yeollida","to be opened","Verb"
"좋아하다","joahada","to like","Verb"
"그리","geuri","so / that","Adverb"
"그리다","geurida","to draw","Verb"
"만큼","mankeum","as much as","Particle"
"배우다","baeuda","to learn","Verb"
"시","si","poetry","Noun"
"역할","yeokhal","role","Noun"
"옆","yeop","side","Noun"
"행동","haengdong","action / behavior","Noun"
"어","eo","oh / uh","Interjection"
"국내","gungnae","domestic","Noun"
"비하다","bihada","to compare","Verb"
"기관","gigwan","institution / organ","Noun"
"입장","ipjang","position / stance","Noun"
"만","man","only","Particle"
"곳","got","place (repeated for emphasis)","Noun"
"성과","seonggwa","result / outcome","Noun"
"생겨나다","saenggyeonada","to originate / to form","Verb"
"곳","got","place","Noun"
"능력","neungnyeok","ability","Noun"
"저기","jeogi","over there","Pronoun"
"모두","modu","all","Noun"
"들다","deulda","to enter / to hold","Verb"
"사실","sasil","actually / in fact","Adverb"
"유월","yuwol","June","Noun"
"방식","bangsik","way / method","Noun"
"영향","yeonghyang","influence","Noun"
"그럼","geureom","then / if so","Conjunction"
"나서다","naseoda","to step forward","Verb"
"흐르다","heureuda","to flow","Verb"
"저","jeo","uh... (hesitation)","Interjection"
"깊다","gipda","to be deep","Adjective"
"배","bae","stomach / boat / pear","Noun"
"내","nae","inside","Noun"
"모양","moyang","shape / appearance","Noun"
"산","san","mountain","Noun"
"새","sae","new","Determiner"
"하지만","hajiman","but / however","Conjunction"
"조건","jogeon","condition","Noun"
"단계","dangye","stage / step","Noun"
"올리다","ollida","to raise / to upload","Verb"
"수","su","number","Noun"
"물건","mulgeon","thing / object","Noun"
"다","da","all","Noun"
"장소","jangso","place","Noun"
"가다","gada","to continue","Verb"
"적다","jeokda","to be few / little","Adjective"
"보이다","boida","to be visible","Verb"
"교회","gyohoe","church","Noun"
"부","bu","wealth / department","Noun"
"따르다","ttareuda","to follow","Verb"
"나타내다","natanaeda","to show / to express","Verb"
"강","gang","river","Noun"
"가볍다","gabyeopda","to be light (weight)","Adjective"
"작가","jakga","writer / author","Noun"
"쓰이다","sseuida","to be used / to be written","Verb"
"법","beop","law / method","Noun"
"말다","malda","to stop / to cease","Verb"
"지역","jiyeok","local","Noun"
"성장","seongjang","growth","Noun"
"던지다","deonjida","to throw","Verb"
"거기","geogi","there","Pronoun"
"두다","duda","to put / to leave","Verb"
"대학생","daehaksaeng","university student","Noun"
"잘하다","jalhada","to do well","Verb"
"한","han","limit","Noun"
"차","cha","order / degree","Noun"
"죽음","jugeum","death","Noun"
"보통","botong","usually / normal","Noun"
"못하다","mothada","cannot","Verb"
"지다","jida","to lose / to fall (sun)","Verb"
"가격","gagyeok","price","Noun"
"도","do","degree / province","Noun"
"운동","undong","sports / movement","Noun"
"님","nim","honorific suffix","Suffix"
"버스","beoseu","bus","Noun"
"나가다","nagada","to attend / to go out","Verb"
"평가","pyeongga","evaluation","Noun"
"걸다","geolda","to hang / to call","Verb"
"어리다","eorida","to be young","Adjective"
"기다리다","gidarida","to wait","Verb"
"다시","dasi","again","Noun"
"내다","naeda","to put out","Verb"
"비","bi","rain","Noun"
"소리","sori","voice / sound","Noun"
"만약","manyak","if","Noun"
"어머니","eomeoni","mother (formal)","Noun"
"형","hyeong","older brother (for male)","Noun"
"음악","eumak","music","Noun"
"주변","jubyeon","surroundings","Noun"
"지다","jida","to become","Verb"
"뜻","tteut","meaning / intention","Noun"
"과","gwa","lesson / department","Noun"
"자다","jada","to sleep","Verb"
"만들다","mandeulda","to create","Verb"
"치료","chiryo","treatment","Noun"
"빠르다","ppareuda","to be fast","Adjective"
"바라보다","baraboda","to look at / to watch","Verb"
"소설","soseol","novel","Noun"
"시험","siheom","test / exam","Noun"
"기본","gibon","basic","Noun"
"주장하다","jujanghada","to insist / to claim","Verb"
"조금","jogeum","a little","Adverb"
"맛있다","masitda","to be delicious","Adjective"
"다루다","daruda","to treat / to deal with","Verb"
"건물","geonmul","building","Noun"
"가능성","ganeungseong","possibility","Noun"
"태어나다","taeeonada","to be born","Verb"
"겨울","gyeoul","winter","Noun"
"가지다","gajida","to hold","Verb"
"가수","gasu","singer","Noun"
"돕다","dopda","to help","Verb"
"재미있다","jaemiitda","to be interesting/fun","Adjective"
"기계","gigye","machine","Noun"
"기록","girok","record","Noun"
"내일","naeil","tomorrow","Noun"
"경계","gyeonggye","boundary","Noun"
"계시다","gyesida","to be (honorific)","Verb"
"비행기","bihaengi","airplane","Noun"
"선수","seonsu","athlete / player","Noun"
"빠지다","ppajida","to fall into","Verb"
"구하다","guhada","to save / to seek","Verb"
"패션","paesyeon","fashion","Noun"
"현장","hyeonjang","site / scene","Noun"
"시작되다","sijakdoeda","to begin","Verb"
"누나","nuna","older sister (for male)","Noun"
"방향","banghyang","direction","Noun"
"정부","jeongbu","administration","Noun"
"잡히다","japhida","to be caught","Verb"
"장","jang","chapter / sheet","Noun"
"지역","jiyeok","zone","Noun"
"미국","miguk","USA","Noun"
"정하다","jeonghada","to decide","Verb"
"회의","hoeui","meeting","Noun"
"승리","seungni","victory","Noun"
"직접","jikjeop","directly","Adverb"
"여행","yeohaeng","travel","Noun"
"죽이다","jugida","to kill","Verb"
"반응","baneung","reaction","Noun"
"감정","gamjeong","emotion","Noun"
"일하다","ilhada","to work","Verb"
"개","gae","dog","Noun"
"전","jeon","before","Noun"
"분","bun","minute","Noun"
"계획","gyehoek","project","Noun"
"표현","pyohyeon","expression","Noun"
"전하다","jeonhada","to convey / to tell","Verb"
"매일","maeil","every day","Adverb"
"나름","nareum","depending on","Noun"
"단어","daneo","word","Noun"
"보여주다","boyeojuda","to show","Verb"
"속도","sokdo","speed","Noun"
"심각하다","simgakhada","to be serious","Adjective"
"이름","ireum","title","Noun"
"영국","yeongguk","UK","Noun"
"준비하다","junbihada","to prepare","Verb"
"계속하다","gyesokhada","to continue","Verb"
"신문","sinmun","newspaper","Noun"
"결정하다","gyeoljeonghada","to decide","Verb"
"경영","gyeongyeong","management","Noun"
"병","byeong","disease / bottle","Noun"
"비슷하다","biseuthada","to be similar","Adjective"
"시절","sijeol","days / times","Noun"
"불","bul","fire / light","Noun"
"이야기하다","iyagihada","to talk","Verb"
"자라다","jarada","to grow","Verb"
"빠르다","ppareuda","to be early","Adjective"
"주다","juda","to offer","Verb"
"설명하다","seolmyeonghada","to explain","Verb"
"뽑다","ppopda","to pull out / to select","Verb"
"정확하다","jeonghwakhada","to be accurate","Adjective"
"학년","hangnyeon","school year / grade","Noun"
"믿음","mideum","belief / trust","Noun"
"어렵다","eoryeopda","to be hard","Adjective"
"아프다","apeuda","to be sick / painful","Adjective"
"개","gae","item","Noun"
"국가","gukga","state","Noun"
"급","geup","class / grade","Noun"
"단지","danji","only / just","Adverb"
"군","gun","army","Noun"
"결혼","gyeolhon","marriage","Noun"
"모으다","moeuda","to gather / to collect","Verb"
"약","yak","medicine / approximately","Noun"
"직업","jigeop","job / occupation","Noun"
"태도","taedo","attitude","Noun"
"확실하다","hwaksilhada","to be certain","Adjective"
"땅","ttang","land / ground","Noun"
"형성하다","hyeongseonghada","to form","Verb"
"과거","gwageo","past","Noun"
"들어오다","deureooda","to enter / to come in","Verb"
"동시에","dongsie","at the same time","Adverb"
"목표","mokpyo","goal","Noun"
"싸우다","ssauda","to fight","Verb"
"유지하다","yujihada","to maintain","Verb"
"일어나다","ireonada","to wake up","Verb"
"인사","insa","greeting","Noun"
"시기","sigi","time / period","Noun"
"해결하다","haegyeolhada","to solve","Verb"
"달","dal","moon / month","Noun"
"멀다","meolda","to be far","Adjective"
"입","ip","entrance","Noun"
"기억","gieok","memory","Noun"
"돌아가다","doragada","to return / to go back","Verb"
"기사","gisa","article / driver","Noun"
"방문하다","bangmunhada","to visit","Verb"
"감사하다","gamsahada","to thank","Verb"
"잠","jam","sleep","Noun"
"기록하다","girokhada","to record","Verb"
"구체적","guchejeok","concrete / specific","Noun"
"생각되다","saenggakdoeda","to be thought","Verb"
"미래","mirae","future","Noun"
"소비자","sobija","consumer","Noun"
"대","dae","vs / against","Noun"
"배우","baeu","actor","Noun"
"언어","eoneo","language","Noun"
"옮기다","omgida","to move / to shift","Verb"
"치다","chida","to strike","Verb"
"주민","jumin","resident","Noun"
"크기","keugi","size","Noun"
"가능하다","ganeunghada","to be possible","Adjective"
"설명","seolmyeong","explanation","Noun"
"다양하다","dayanghada","to be various","Adjective"
"곡","gok","tune / song","Noun"
"돕다","dopda","to assist","Verb"
"선물","seonmul","gift","Noun"
"외국","oeguk","foreign country","Noun"
"주인","juin","owner","Noun"
"반","ban","half","Noun"
"법","beop","rule","Noun"
"성공","seonggong","success","Noun"
"책임","chaegim","responsibility","Noun"
"피해","pihae","damage","Noun"
"흔하다","heunhada","to be common","Adjective"
"시민","simin","citizen","Noun"
"바다","bada","sea","Noun"
"팀","tim","team","Noun"
"팔다","palda","to sell","Verb"
"밝다","bakda","to be bright","Adjective"
"순간","sungan","moment","Noun"
"영어","yeong-eo","English","Noun"
"실제","silje","reality / actual","Noun"
"카드","kadeu","card","Noun"
"가르치다","gareuchida","to teach","Verb"
"기도","gido","prayer","Noun"
"주요","juyo","main / major","Noun"
"분명하다","bunmyeonghada","to be clear","Adjective"
"분석","bunseok","analysis","Noun"
"소식","sosik","news","Noun"
"즐겁다","jeulgeopda","to be enjoyable","Adjective"
"차이","chai","difference","Noun"
"환자","hwanja","patient","Noun"
"관심","gwansim","attention","Noun"
"관리","gwalli","management","Noun"
"가게","gage","store","Noun"
"끊다","kkeunta","to cut / to stop","Verb"
"미안하다","mianhada","to be sorry","Adjective"
"부탁하다","butakhada","to ask / to request","Verb"
"여름","yeoreum","summer","Noun"
"예쁘다","yeppeuda","to be pretty","Adjective"
"제공하다","jegonghada","to provide","Verb"
"죽다","jukda","to pass away","Verb"
"특징","teukjing","characteristic","Noun"
"편","pyeon","side / team","Noun"
"걸음","georeum","step","Noun"
"계절","gyejeol","season","Noun"
"기억하다","gieokhada","to remember","Verb"
"다르다","dareuda","to be diverse","Adjective"
"들어가다","deureogada","to enter","Verb"
"목소리","moksori","voice","Noun"
"어디","eodi","somewhere","Pronoun"
"쳐다보다","cheodaboda","to stare / to look at","Verb"
"회의","hoeui","doubt","Noun"
"건강","geongang","health","Noun"
"경찰","gyeongchal","police","Noun"
"공부","gongbu","study","Noun"
"공부하다","gongbuhada","to study","Verb"
"괜찮다","gwaenchanta","to be okay","Adjective"
"귀","gwi","ear","Noun"
"낮다","natda","to be low","Adjective"
"부모","bumo","parents","Noun"
"비싸다","bissada","to be expensive","Adjective"
"사실","sasil","truth","Noun"
"수술","susul","surgery","Noun"
"슬프다","seulpeuda","to be sad","Adjective"
"약속","yaksok","promise / appointment","Noun"
"연습","yeonseup","practice","Noun"
"위험","wiheom","danger","Noun"
"인기","ingi","popularity","Noun"
"재미","jaemi","fun","Noun"
"주말","jumal","weekend","Noun"
"주소","juso","address","Noun"
"중요","jungyo","importance","Noun"
"지갑","jigap","wallet","Noun"
"직원","jigwon","employee","Noun"
"질문","jilmun","question","Noun"
"차갑다","chagapda","to be cold (touch)","Adjective"
"추억","chueok","memory / recollection","Noun"
"축구","chukgu","soccer","Noun"
"출발하다","chulbalhada","to depart","Verb"
"취미","chwimi","hobby","Noun"
"친절하다","chinjeolhada","to be kind","Adjective"
"칭찬","chingchan","compliment","Noun"
"크리스마스","keuriseumaseu","Christmas","Noun"
"키","ki","height","Noun"
"태풍","taepung","typhoon","Noun"
"특별하다","teukbyeolhada","to be special","Adjective"
"편지","pyeonji","letter","Noun"
"피곤하다","pigonhada","to be tired","Adjective"
"피다","pida","to bloom","Verb"
"하루","haru","day","Noun"
"학교","hakgyo","academy","Noun"
"한글","hangeul","Hangul","Noun"
"할머니","halmeoni","grandmother","Noun"
"할아버지","harabeoji","grandfather","Noun"
"해","hae","sun / year","Noun"
"행복","haengbok","happiness","Noun"
"허리","heori","waist","Noun"
"화","hwa","anger","Noun"
"화장실","hwajangsil","restroom","Noun"
"확인하다","hwaginhada","to check","Verb"
"회사","hoesa","company","Noun"
"회의","hoeui","conference","Noun"
"힘들다","himdeulda","to be hard / difficult","Adjective"
"가을","gaeul","autumn","Noun"
"걱정","geokjeong","worry","Noun"
"결혼식","gyeolhonsik","wedding","Noun"
"경험","gyeongheom","experience","Noun"
"계단","gyedan","stairs","Noun"
"고기","gogi","meat","Noun"
"고맙다","gomapda","to be thankful","Adjective"
"고양이","goyangi","cat","Noun"
"공원","gongwon","park","Noun"
"공책","gongchaek","notebook","Noun"
"공항","gonghang","airport","Noun"
"과일","gwail","fruit","Noun"
"교실","gyosil","classroom","Noun"
"구두","gudu","shoes (dress)","Noun"
"구름","gureum","cloud","Noun"
"귀엽다","gwiyeopda","to be cute","Adjective"
"그리다","geurida","to miss (someone)","Verb"
"근처","geuncheo","near / vicinity","Noun"
"기분","gibun","mood / feeling","Noun"
"기쁘다","gippeuda","to be happy / glad","Adjective"
"기차","gicha","train","Noun"
"길","gil","path","Noun"
"김치","gimchi","Kimchi","Noun"
"깨끗하다","kkaekkeuthada","to be clean","Adjective"
"꽃","kkot","flower","Noun"
"꿈","kkum","dream","Noun"
"끄다","kkeuda","to turn off","Verb"
"끝내다","kkeunnaeda","to finish (something)","Verb"
"날씨","nalssi","weather","Noun"
"남동생","namdongsaeng","younger brother","Noun"
"낮","nat","daytime","Noun"
"내년","naenyeon","next year","Noun"
"냉장고","naengjanggo","refrigerator","Noun"
"넓다","neolpda","to be wide","Adjective"
"노래","norae","song","Noun"
"노래하다","noraehada","to sing","Verb"
"누르다","nureuda","to press","Verb"
"눈물","nunmul","tear","Noun"
"뉴스","nyuseu","news","Noun"
"느리다","neurida","to be slow","Adjective"
"늦다","neutda","to be late","Verb"
"다녀오다","danyeooda","to go and come back","Verb"
"다리","dari","leg / bridge","Noun"
"다치다","dachida","to get hurt","Verb"
"닦다","dakda","to wipe / to brush","Verb"
"닫다","datda","to close","Verb"
"달력","dallyeok","calendar","Noun"
"달리다","dallida","to run","Verb"
"담배","dambae","cigarette","Noun"
"답장","dapjang","reply","Noun"
"대답","daedap","answer","Noun"
"대화","daehwa","conversation","Noun"
"더럽다","deoreopda","to be dirty","Adjective"
"덥다","deopda","to be hot (weather)","Adjective"
"도서관","doseogwan","library","Noun"
"도와주다","dowajuda","to help","Verb"
"도착하다","dochakhada","to arrive","Verb"
"동물","dongmul","animal","Noun"
"동생","dongsaeng","younger sibling","Noun"
"동안","dongan","during","Noun"
"되다","doeda","to become","Verb"
"드라마","deurama","drama","Noun"
"드리다","deurida","to give (honorific)","Verb"
"듣다","deutda","to listen","Verb"
"등산","deungsan","hiking","Noun"
"따뜻하다","ttatteuthada","to be warm","Adjective"
"딸","ttal","daughter","Noun"
"떡볶이","tteokbokki","Tteokbokki","Noun"
"똑똑하다","ttokttokhada","to be smart","Adjective"
"뜨겁다","tteugeopda","to be hot (touch)","Adjective"
"라면","ramyeon","Ramen","Noun"
"마리","mari","animal counter","Noun"
"마지막","majimak","last","Noun"
"만두","mandu","dumpling","Noun"
"맑다","makda","to be clear","Adjective"
"맛없다","madeopda","to not taste good","Adjective"
"매운","maeun","spicy","Adjective"
"맵다","maepda","to be spicy","Adjective"
"메뉴","menyu","menu","Noun"
"모르다","moreuda","to not know","Verb"
"목","mok","neck / throat","Noun"
"목요일","mogyoil","Thursday","Noun"
"무겁다","mugeopda","to be heavy","Adjective"
"문","mun","door","Noun"
"문자","munja","text message","Noun"
"묻다","mutda","to stain / to ask","Verb"
"물어보다","mureoboda","to ask","Verb"
"미용실","miyongsil","beauty salon","Noun"
"바지","baji","pants","Noun"
"박물관","bangmulgwan","museum","Noun"
"반갑다","bangapda","to be glad to meet","Adjective"
"반찬","banchan","side dish","Noun"
"받다","batda","to take","Verb"
"발","bal","foot","Noun"
"밥","bap","cooked rice","Noun"
"배","bae","pear","Noun"
"배고프다","baegopeuda","to be hungry","Adjective"
"배부르다","baebureuda","to be full","Adjective"
"백화점","baekhwajeom","department store","Noun"
"버스","beoseu","bus","Noun"
"번호","beonho","number","Noun"
"벌써","beolsseo","already","Adverb"
"벗다","beotda","to take off (clothes)","Verb"
"병원","byeongwon","hospital","Noun"
"보내다","bonaeda","to spend time","Verb"
"복잡하다","bokjaphada","to be complicated / crowded","Adjective"
"봄","bom","spring","Noun"
"부르다","bureuda","to sing","Verb"
"부엌","bueok","kitchen","Noun"
"불고기","bulgogi","Bulgogi","Noun"
"불편하다","bulpyeonhada","to be uncomfortable","Adjective"
"비","bi","rain","Noun"
"비빔밥","bibimbap","Bibimbap","Noun"
"빌리다","billida","to borrow","Verb"
"빨간색","ppalgansaek","red color","Noun"
"빨래","ppallae","laundry","Noun"
"빨리","ppalli","quickly","Adverb"
"빵","ppang","bread","Noun"
"사과","sagwa","apple / apology","Noun"
"사무실","samusil","office","Noun"
"사진","sajin","photo","Noun"
"산책","sanchaek","walk / stroll","Noun"
"삼겹살","samgyeopsal","pork belly","Noun"
"새","sae","bird","Noun"
"색깔","saekkkal","color","Noun"
"생일","saengil","birthday","Noun"
"샤워","syawo","shower","Noun"
"서점","seojeom","bookstore","Noun"
"선생님","seonsaengnim","teacher (honorific)","Noun"
"설거지","seolgeoji","dishwashing","Noun"
"설탕","seoltang","sugar","Noun"
"소금","sogeum","salt","Noun"
"소개하다","sogaehada","to introduce","Verb"
"손","son","hand","Noun"
"손님","sonnim","guest / customer","Noun"
"쇼핑","syoping","shopping","Noun"
"수박","subak","watermelon","Noun"
"수업","sueop","class / lesson","Noun"
"수영","suyeong","swimming","Noun"
"수요일","suyoil","Wednesday","Noun"
"숙제","sukje","homework","Noun"
"숟가락","sutgarak","spoon","Noun"
"쉬다","swida","to rest","Verb"
"슈퍼마켓","syupeomaket","supermarket","Noun"
"스웨터","seuweteo","sweater","Noun"
"스포츠","seupocheu","sports","Noun"
"슬리퍼","seullipeo","slippers","Noun"
"시간","sigan","time","Noun"
"시계","sigye","clock / watch","Noun"
"시장","sijang","market","Noun"
"시험","siheom","exam","Noun"
"식당","sikdang","restaurant","Noun"
"식사","siksa","meal","Noun"
"신다","sinda","to wear (shoes/socks)","Verb"
"신발","sinbal","shoes","Noun"
"심심하다","simsimhada","to be bored","Adjective"
"싱겁다","singgeopda","to be bland","Adjective"
"싸다","ssada","to be cheap","Adjective"
"쓰레기","sseuregi","trash","Noun"
"씻다","ssitda","to wash","Verb"
"아이스크림","aiseukeurim","ice cream","Noun"
"아저씨","ajeossi","middle-aged man","Noun"
"아줌마","ajumma","middle-aged woman","Noun"
"아파트","apateu","apartment","Noun"
"안경","angyeong","glasses","Noun"
"앉다","anda","to sit","Verb"
"알다","alda","to know","Verb"
"앞","ap","front","Noun"
"약","yak","medicine","Noun"
"약국","yakguk","pharmacy","Noun"
"양말","yangmal","socks","Noun"
"어깨","eokkae","shoulder","Noun"
"어둡다","eodupda","to be dark","Adjective"
"어제","eoje","yesterday","Noun"
"언니","eonni","older sister (for female)","Noun"
"얼굴","eolgul","face","Noun"
"엘리베이터","ellibeiteo","elevator","Noun"
"여권","yeogwon","passport","Noun"
"여동생","yeodongsaeng","younger sister","Noun"
"여기","yeogi","here","Pronoun"
"여행","yeohaeng","trip","Noun"
"역","yeok","station","Noun"
"연필","yeonpil","pencil","Noun"
"열다","yeolda","to open","Verb"
"열쇠","yeolsoe","key","Noun"
"열심히","yeolsimhi","diligently","Adverb"
"영화","yeonghwa","movie","Noun"
"영화관","yeonghwagwan","cinema","Noun"
"옆","yeop","side / next to","Noun"
"오다","oda","to come","Verb"
"오래","orae","long time","Adverb"
"오랜만","oraenman","after a long time","Noun"
"오빠","oppa","older brother (for female)","Noun"
"오전","ojeon","morning (AM)","Noun"
"오후","ohu","afternoon (PM)","Noun"
"올라가다","ollagada","to go up","Verb"
"올해","olhae","this year","Noun"
"옷","ot","clothes","Noun"
"외국인","oegugin","foreigner","Noun"
"요리","yori","cooking","Noun"
"요리하다","yorihada","to cook","Verb"
"요일","yoil","day of the week","Noun"
"우산","usan","umbrella","Noun"
"우유","uyu","milk","Noun"
"우체국","ucheguk","post office","Noun"
"운동하다","undonghada","to exercise","Verb"
"운동화","undonghwa","sneakers","Noun"
"운전하다","unjeonhada","to drive","Verb"
"울다","ulda","to cry","Verb"
"웃다","utda","to laugh","Verb"
"위","wi","on / above","Noun"
"유명하다","yumyeonghada","to be famous","Adjective"
"은행","eunhaeng","bank","Noun"
"음료수","eumnyosu","beverage","Noun"
"의사","uisa","doctor","Noun"
"의자","uija","chair","Noun"
"이","i","tooth","Noun"
"이거","igeo","this","Pronoun"
"이것","igeot","this thing","Pronoun"
"이사하다","isahada","to move (house)","Verb"
"이야기","iyagi","story","Noun"
"이해하다","ihaehada","to understand","Verb"
"인터넷","inteonet","internet","Noun"
"일어나다","ireonada","to get up","Verb"
"일요일","iryoil","Sunday","Noun"
"일찍","iljjik","early","Adverb"
"읽다","ikda","to read","Verb"
"잃어버리다","ireobeorida","to lose","Verb"
"입다","ipda","to wear","Verb"
"있다","itda","to be / exist","Verb"
"잊다","itda","to forget","Verb"
"자동차","jadongcha","car","Noun"
"자전거","jajeongeo","bicycle","Noun"
"자주","jaju","often","Adverb"
"작년","jangnyeon","last year","Noun"
"잠","jam","sleep","Noun"
"잠깐","jamkkan","moment / brief time","Adverb"
"잡지","japji","magazine","Noun"
"장갑","janggap","gloves","Noun"
"장미","jangmi","rose","Noun"
"재미있다","jaemiitda","to be fun","Adjective"
"저","jeo","I (formal)","Pronoun"
"저것","jeogeot","that thing over there","Pronoun"
"저기","jeogi","over there","Pronoun"
"저녁","jeonyeok","evening / dinner","Noun"
"적다","jeokda","to be few","Adjective"
"전화","jeonhwa","phone call","Noun"
"전화번호","jeonhwabeonho","phone number","Noun"
"전화하다","jeonhwahada","to make a call","Verb"
"점심","jeomsim","lunch","Noun"
"젓가락","jeotgarak","chopsticks","Noun"
"정류장","jeongnyujang","bus stop","Noun"
"제주도","jejudo","Jeju Island","Noun"
"조용하다","joyonghada","to be quiet","Adjective"
"졸업하다","joreophada","to graduate","Verb"
"좀","jom","please / a little","Adverb"
"좁다","jopda","to be narrow","Adjective"
"종이","jongi","paper","Noun"
"좋아하다","joahada","to like","Verb"
"죄송하다","joesonghada","to be sorry (honorific)","Adjective"
"주다","juda","to give","Verb"
"주말","jumal","weekend","Noun"
"주스","juseu","juice","Noun"
"죽다","jukda","to die","Verb"
"준비하다","junbihada","to prepare","Verb"
"중학교","junghakgyo","middle school","Noun"
"지갑","jigap","wallet","Noun"
"지난주","jinanju","last week","Noun"
"지하철","jihacheol","subway","Noun"
"집","jip","house","Noun"
"짜다","jjada","to be salty","Adjective"
"찍다","jjikda","to take (photo) / to dip","Verb"
"차","cha","car / tea","Noun"
"착하다","chakhada","to be nice / good-natured","Adjective"
"창문","changmun","window","Noun"
"찾다","chatda","to find","Verb"
"책","chaek","book","Noun"
"책상","chaeksang","desk","Noun"
"청소하다","cheongsohada","to clean","Verb"
"초등학교","chodeunghakgyo","elementary school","Noun"
"축하하다","chukhahada","to congratulate","Verb"
"출발하다","chulbalhada","to depart","Verb"
"춤","chum","dance","Noun"
"춥다","chupda","to be cold","Adjective"
"취미","chwimi","hobby","Noun"
"치마","chima","skirt","Noun"
"친구","chingu","friend","Noun"
"침대","chimdae","bed","Noun"
"카메라","kamera","camera","Noun"
"카페","kape","cafe","Noun"
"칼","kal","knife","Noun"
"커피","keopi","coffee","Noun"
"컴퓨터","keompyuteo","computer", "Noun
